dirname,filename,std,mean
0523 simple recirc 1 ml hr,D14_Device5_t8,89.57774294754564,113.11770091337316
0523 simple recirc 1 ml hr,D14_Device2_t1,73.62002089981694,62.64898753446691
0523 simple recirc 1 ml hr,D21_device2_t7-1,86.8706330175109,130.23052978515625
0523 simple recirc 1 ml hr,D34_device2_t6-1,44.69638093044816,59.39315688189338
0523 simple recirc 1 ml hr,D28_device5_t5,87.1726192417794,147.3930455824908
0523 simple recirc 1 ml hr,D34_device4_t3-1,56.12526557953614,64.64757510914522
0523 simple recirc 1 ml hr,D21_device5_t2-1,62.079310845356304,108.58848374310662
0523 simple recirc 1 ml hr,D21_device4_t2-1,55.149634336285324,80.41824448529412
0523 simple recirc 1 ml hr,D34_device5_t1-1,66.34261315421655,93.32077205882354
0523 simple recirc 1 ml hr,D34_device4_t1-1,82.17605971681564,107.08606459673713
0523 simple recirc 1 ml hr,D14_Device2_t2,97.17878781462524,122.57352294921876
0523 simple recirc 1 ml hr,D21_device2_t5-1,53.74154317979017,95.86685862821692
0523 simple recirc 1 ml hr,D28_device5_t7,79.31167663136355,120.03293241613052
0523 simple recirc 1 ml hr,D14_Device2_t3,100.52087693753508,112.15573515050552
0523 simple recirc 1 ml hr,D34_device2_t4-1,72.94997171680205,96.62192670036765
0523 simple recirc 1 ml hr,D14_Device2_t7,90.11038592156265,118.75977783203125
0523 simple recirc 1 ml hr,D28_device5_t3,38.54495718915771,64.82227855009191
0523 simple recirc 1 ml hr,D21_device2_t1-1,66.12930274769604,113.44075209673713
0523 simple recirc 1 ml hr,D21_device4_t4-1,81.87642890811884,91.69360854204963
0523 simple recirc 1 ml hr,D21_device2_t3-2,53.30762272335026,106.3464599609375
0523 simple recirc 1 ml hr,D34_device5_t5-1,42.88527186251664,57.80578110638787
0523 simple recirc 1 ml hr,D34_device4_t5-1,57.21118870450748,68.0250639073989
0523 simple recirc 1 ml hr,D28_device5_t2,89.39746377804,143.46553596047795
0523 simple recirc 1 ml hr,D14_Device2_t6,82.04467256129483,145.27865851907168
0523 simple recirc 1 ml hr,D14_Device2_t4,102.64459304730313,175.58593031939338
0523 simple recirc 1 ml hr,D21_device5_t6-1,36.53681976622635,51.086526309742645
0523 simple recirc 1 ml hr,D21_device4_t6-1,82.17520297581709,135.585695513557
0523 simple recirc 1 ml hr,D34_device5_t7-1,32.797998838117636,49.081878303079044
0523 simple recirc 1 ml hr,D34_device4_t7-1,87.61694874835246,101.46796156939338
0523 simple recirc 1 ml hr,D34_device2_t2-1,75.41259891082527,89.00939295151655
0523 simple recirc 1 ml hr,D28_device2_t8,83.76362404909585,116.80521814682905
0523 simple recirc 1 ml hr,D28_device5_t1,90.5892550935923,141.80469683478861
0523 simple recirc 1 ml hr,D14_Device2_t5,75.38327377426073,168.57933134191177
0523 simple recirc 1 ml hr,D21_device5_t1-1,40.417015806304796,67.27627527573529
0523 simple recirc 1 ml hr,D14_Device4_t3,45.779034569948905,57.779961081112134
0523 simple recirc 1 ml hr,D21_device4_t1-1,77.57169180001165,100.26430879480698
0523 simple recirc 1 ml hr,D34_device2_t5-1,53.43274344317688,78.42884593290441
0523 simple recirc 1 ml hr,D21_device2_t4-1,55.96128525310159,63.49765768612132
0523 simple recirc 1 ml hr,D14_Device4_t2,30.84892007464293,83.12750962201287
0523 simple recirc 1 ml hr,D34_device2_t7-1,63.785104934650676,74.32919491038604
0523 simple recirc 1 ml hr,D21_device2_t6-1,55.425721859647986,91.63495303883272
0523 simple recirc 1 ml hr,D21_device5_t3-1,58.007899933243735,82.5021728515625
0523 simple recirc 1 ml hr,D21_device4_t3-1,63.945206566331414,73.38786836511949
0523 simple recirc 1 ml hr,D14_Device4_t1,39.52529588029029,87.76967414407169
0523 simple recirc 1 ml hr,D34_device5_t2-1,68.75046129114715,102.01366325827206
0523 simple recirc 1 ml hr,D34_device4_t2-1,69.78700840682919,80.86381333295037
0523 simple recirc 1 ml hr,D21_device5_t7-1,37.650195390363024,59.728532858455885
0523 simple recirc 1 ml hr,D21_device4_t7-1,77.6379850950542,85.51673583984375
0523 simple recirc 1 ml hr,D14_Device4_t5,81.028291124765,114.37435733570771
0523 simple recirc 1 ml hr,D28_device4_t8,58.560900940443716,80.10588163488052
0523 simple recirc 1 ml hr,D14_Device4_t4,69.28223414686232,99.42085176355698
0523 simple recirc 1 ml hr,D34_device2_t1-1,44.78019642454415,53.07610509535846
0523 simple recirc 1 ml hr,D14_Device4_t6,74.08570901505156,126.43040699678309
0523 simple recirc 1 ml hr,D14_Device4_t7,92.27290974547105,111.71241383272059
0523 simple recirc 1 ml hr,D34_device4_t4-1,37.85279299205831,39.04854233685662
0523 simple recirc 1 ml hr,D21_device5_t5-1,57.16283904001003,124.62554931640625
0523 simple recirc 1 ml hr,D21_device4_t5-1,86.71730559585174,120.00846090877758
0523 simple recirc 1 ml hr,D34_device2_t3-2,40.266365309104735,57.91252297794118
0523 simple recirc 1 ml hr,D34_device4_t8-1,70.66274551263687,99.28606100643383
0523 simple recirc 1 ml hr,D34_device5_t8-1,98.79838152756582,109.66915283203124
0523 simple recirc 1 ml hr,D28_device4_t7,77.07905412014794,93.23882482192096
0523 simple recirc 1 ml hr,D28_device4_t6,96.48707243318616,161.8275297277114
0523 simple recirc 1 ml hr,D28_device4_t4,73.17234479618844,82.69741928998162
0523 simple recirc 1 ml hr,D14_Device4_t8,84.89398782050726,119.4680570714614
0523 simple recirc 1 ml hr,D28_device4_t1,87.91071130369276,127.57475729549633
0523 simple recirc 1 ml hr,D21_device2_t8-1,80.31414469144732,92.10856646369486
0523 simple recirc 1 ml hr,D28_device4_t2,87.0856007685501,124.34319493910846
0523 simple recirc 1 ml hr,D14_Device2_t8,104.31983379914321,140.1549129710478
0523 simple recirc 1 ml hr,D14_Device5_t1,90.53709445855634,164.9529821059283
0523 simple recirc 1 ml hr,D28_device2_t5,88.34101606380283,136.43228544347426
0523 simple recirc 1 ml hr,D28_device2_t4,83.07969387756968,104.75458912568934
0523 simple recirc 1 ml hr,D28_device4_t3-1,73.62566935083716,80.85484690946691
0523 simple recirc 1 ml hr,D14_Device5_t2,90.83193725134872,134.41800178079043
0523 simple recirc 1 ml hr,D28_device2_t6,89.60319187474549,125.31203397863051
0523 simple recirc 1 ml hr,D21_device4_t8-1,86.98200347439588,127.86230971392463
0523 simple recirc 1 ml hr,D21_device5_t8-1,97.23421486289566,139.45370232077207
0523 simple recirc 1 ml hr,D21_device2_t2,84.99492306470184,179.5063663258272
0523 simple recirc 1 ml hr,D28_device2_t7,87.00809469499265,102.21361730238971
0523 simple recirc 1 ml hr,D14_Device5_t3,92.79781115220456,117.14685920266544
0523 simple recirc 1 ml hr,D14_Device5_t7,101.30309404097322,157.165675982307
0523 simple recirc 1 ml hr,D28_device2_t3,67.23149885835525,123.94064295151654
0523 simple recirc 1 ml hr,D34_device2_t8-1,52.80599164457901,54.908661247702206
0523 simple recirc 1 ml hr,D28_device2_t2,94.34596843336033,162.7403542911305
0523 simple recirc 1 ml hr,D14_Device5_t6,96.82165125721772,146.62875114889707
0523 simple recirc 1 ml hr,D28_device4_t5-1,85.29334417976862,140.49197639016543
0523 simple recirc 1 ml hr,D28_device5_t8,97.88772897160801,141.24397403492648
0523 simple recirc 1 ml hr,D28_device2_t1,88.7726546821983,114.62928323184742
0523 simple recirc 1 ml hr,D14_Device5_t5,60.913790948545554,128.79736687155332
0822 peristaltic 11 ml hr,D15_device2_t5,41.38221135811318,67.9642614028033
0822 peristaltic 11 ml hr,D29_device2_t8,63.719787091849206,73.2138485179228
0822 peristaltic 11 ml hr,D21_device2_t8,79.01419354346586,123.69729147518382
0822 peristaltic 11 ml hr,D15_device2_t4,34.00012025311187,52.61975456686581
0822 peristaltic 11 ml hr,D15_device2_t6,41.649984276453324,59.08851677389706
0822 peristaltic 11 ml hr,D15_device2_t7,41.05210187858951,91.8555628159467
0822 peristaltic 11 ml hr,D15_device2_t3,52.279528848503595,68.32585808249081
0822 peristaltic 11 ml hr,D15_device2_t2,44.938337665033636,69.55494241153492
0822 peristaltic 11 ml hr,D15_device2_t1,42.090953244870164,89.68201760684742
0822 peristaltic 11 ml hr,D29_device1_t6,40.63020454077143,35.835902315027575
0822 peristaltic 11 ml hr,D21_device1_t7,86.24385910575046,83.3076810948989
0822 peristaltic 11 ml hr,D21_device1_t6,100.42414851996551,95.29185647403493
0822 peristaltic 11 ml hr,D29_device1_t7,93.01936794323204,82.86828110638787
0822 peristaltic 11 ml hr,D21_device1_t4,61.7719629622146,72.93139576631434
0822 peristaltic 11 ml hr,D29_device1_t5,49.53933645102467,57.991650390625
0822 peristaltic 11 ml hr,D15_device1_t8,44.42838751698296,100.0395321116728
0822 peristaltic 11 ml hr,D21_device1_t5,77.2995522127962,99.76956643497243
0822 peristaltic 11 ml hr,D21_device1_t1,81.86446164410319,96.05436221852023
0822 peristaltic 11 ml hr,D29_device1_t1,78.51938139373327,63.27196044921875
0822 peristaltic 11 ml hr,D35_device2_t1_exp1,78.7070613354218,98.63740018956801
0822 peristaltic 11 ml hr,D21_device1_t3,74.59904688303557,94.71455867991727
0822 peristaltic 11 ml hr,D15_device1_t3,46.518912728486946,67.54412913602941
0822 peristaltic 11 ml hr,D15_device1_t1,36.93224664336101,72.1162296070772
0822 peristaltic 11 ml hr,D35_device2_t4_exp1,87.28936535885104,126.27872960707721
0822 peristaltic 11 ml hr,D21_device1_t8,49.00843951990787,88.5152042164522
0822 peristaltic 11 ml hr,D15_device1_t4,46.67894638781782,84.16375732421875
0822 peristaltic 11 ml hr,D15_device1_t5,46.32892049786596,104.61332361557905
0822 peristaltic 11 ml hr,D35_device1_t8_exp1,55.588376772866994,136.1590051987592
0822 peristaltic 11 ml hr,D29_device1_t8,67.01409200918258,100.9226526596967
0822 peristaltic 11 ml hr,D15_device1_t7,50.14827892957609,63.026360006893384
0822 peristaltic 11 ml hr,D15_device1_t6,48.270191318993994,62.3539945714614
0822 peristaltic 11 ml hr,D29_device2_t1,94.4352498837463,110.07890696806066
0822 peristaltic 11 ml hr,D21_device2_t1,57.59132329492865,67.25085305606618
0822 peristaltic 11 ml hr,D21_device2_t3,97.6846852331618,115.09302547679228
0822 peristaltic 11 ml hr,D21_device2_t2,95.07425482649383,113.29676298253676
0822 peristaltic 11 ml hr,D29_device2_t3,53.291598308187424,64.19322007123162
0822 peristaltic 11 ml hr,D29_device2_t7,57.22815087214181,57.148398006663605
0822 peristaltic 11 ml hr,D21_device2_t6,89.83101572694629,101.31499310661765
0822 peristaltic 11 ml hr,D21_device2_t7,47.686411523506045,51.18466007008272
0822 peristaltic 11 ml hr,D21_device2_t5,68.21700043739125,92.95346177045037
0822 peristaltic 11 ml hr,D29_device2_t4,91.31906216463896,94.17141256893382
0822 peristaltic 11 ml hr,D29_device2_t5,78.62054000072624,101.91056051815258
0822 peristaltic 11 ml hr,D21_device2_t4,93.77004657964454,115.85199979894301
0822 peristaltic 11 ml hr,D15_device2_t8,40.28285421562409,89.34897963579964
complex recirc 1ml hr,D29_Device4_cond1_t3,79.23310939655825,79.0825741038603
complex recirc 1ml hr,D21_Device3_cond2_t1,91.59237869776517,164.68375962201287
complex recirc 1ml hr,D29_Device4_cond1_t2,82.35365887421091,106.04510282628677
complex recirc 1ml hr,D29_Device3_cond1_t2,99.26694270829631,138.45680649701288
complex recirc 1ml hr,D29_Device4_cond1_t1,84.6404949371585,108.77419146369485
complex recirc 1ml hr,D29_Device3_cond1_t1,82.56672644898109,89.88939352596508
complex recirc 1ml hr,D29_Device3_cond1_t5,88.59121051699802,119.99569738051471
complex recirc 1ml hr,D29_Device3_cond1_t4,80.18407847490155,93.47525132123162
complex recirc 1ml hr,D29_Device3_cond1_t6,46.95827639023112,68.05256922104779
complex recirc 1ml hr,D29_Device4_cond1_t6,50.63294236156264,76.68262867647059
complex recirc 1ml hr,D29_Device4_cond1_t7,76.34901485740035,79.23938706341912
complex recirc 1ml hr,D35_Device3_cond1_t6,86.06793436585717,118.71229822495404
complex recirc 1ml hr,D15_Device4_cond1_t1,96.27140745602777,117.81839168772979
complex recirc 1ml hr,D15_Device3_cond1_t1,92.43141968265309,82.05552978515625
complex recirc 1ml hr,D15_Device4_cond1_t2,96.68756088416315,108.7107515222886
complex recirc 1ml hr,D15_Device3_cond1_t2,89.41635905451075,144.58776209214153
complex recirc 1ml hr,D15_Device3_cond1_t3,93.4223594555056,124.08369571461397
complex recirc 1ml hr,D15_Device4_cond1_t7,63.00079981152278,84.62772216796876
complex recirc 1ml hr,D21_Device4_cond1_t8,92.05048211756274,120.62147001378676
complex recirc 1ml hr,D15_Device3_cond1_t7,81.13756237602884,115.01520565257353
complex recirc 1ml hr,D21_Device3_cond1_t8,67.10525295330719,81.54220545151654
complex recirc 1ml hr,D15_Device3_cond1_t6,93.62254247961525,130.48175264246325
complex recirc 1ml hr,D15_Device4_cond1_t6,46.81840146484978,127.0557767980239
complex recirc 1ml hr,D35_Device3_cond1_t1,74.42433684636958,124.83957806755515
complex recirc 1ml hr,D35_Device4_cond1_t3,75.97356025161723,85.83234791475184
complex recirc 1ml hr,D15_Device3_cond1_t4,91.93743454375215,149.22936509076285
complex recirc 1ml hr,D15_Device3_cond1_t5,92.37697959765445,142.19337158203126
complex recirc 1ml hr,D35_Device4_cond1_t2,78.16098534895211,85.70626579733455
complex recirc 1ml hr,D15_Device4_cond1_t8,51.818292703458624,102.53824319278493
complex recirc 1ml hr,D21_Device4_cond1_t7,87.6027995531678,96.28297980813419
complex recirc 1ml hr,D15_Device3_cond1_t8,82.77223099697848,100.47140323414521
complex recirc 1ml hr,D21_Device4_cond1_t6,91.6070849367292,160.54952751608457
complex recirc 1ml hr,D21_Device3_cond1_t4,82.7071234064779,100.69900979434743
complex recirc 1ml hr,D21_Device3_cond1_t5,41.2344405289714,71.04859762752757
complex recirc 1ml hr,D21_Device4_cond1_t5,89.92532512610659,129.57023135914523
complex recirc 1ml hr,D21_Device4_cond1_t1,87.2528417981042,132.77338005514707
complex recirc 1ml hr,D21_Device3_cond1_t1,84.45343019130328,101.61823084214154
complex recirc 1ml hr,D15_Device4_cond1_t3_2,86.65592562413505,127.20710161994485
complex recirc 1ml hr,D21_Device4_cond1_t2,90.04860536916814,125.63608183019302
complex recirc 1ml hr,D21_Device3_cond1_t2,93.4611336458278,157.82147863051472
complex recirc 1ml hr,D21_Device3_cond1_t3,91.1147883004995,117.4017240636489
complex recirc 1ml hr,D21_Device4_cond1_t3,94.5176444625706,111.02731143727021
complex recirc 1ml hr,D29_Device4_cond1_t8,93.23183738663101,108.15248736213235
complex recirc 1ml hr,D29_Device3_cond1_t8,78.91696284857706,92.13728458180147
simple recirc 1ml hr,D14_device2_t1,52.499773267264786,83.75574233111213
simple recirc 1ml hr,D34_device2_t8,40.34193699939805,41.22344109030331
simple recirc 1ml hr,D21_device2_t8,48.86357234795675,70.60728975183824
simple recirc 1ml hr,D14_device2_t2,57.638161717821,111.37220530790441
simple recirc 1ml hr,D14_device2_t3,76.07459029822954,118.69111471737132
simple recirc 1ml hr,D14_device2_t7,72.25507631056409,113.23700310202206
simple recirc 1ml hr,D14_device2_t6,51.10155008901877,86.08259492761948
simple recirc 1ml hr,D14_device2_t4,72.76338050028544,64.5033540613511
simple recirc 1ml hr,D28_device1_t5-2,69.69987052636435,205.82412612017464
simple recirc 1ml hr,D28_device1_t7-1,49.641749139883345,77.27104420381434
simple recirc 1ml hr,D14_device2_t5,48.674784653828944,115.57018253102022
simple recirc 1ml hr,D28_device2_t8-1,55.68081865984661,72.46943574793198
simple recirc 1ml hr,D34_device1_t7,34.028646360074774,64.40015007467831
simple recirc 1ml hr,D21_device1_t7,39.47121261148985,63.72040297564338
simple recirc 1ml hr,D21_device1_t6,87.30571558978488,152.63842486213235
simple recirc 1ml hr,D34_device1_t6,56.9341478942347,77.13012623506434
simple recirc 1ml hr,D21_device1_t4,47.49729996786863,72.4030855066636
simple recirc 1ml hr,D21_device1_t5,75.70767471021574,116.53008817784927
simple recirc 1ml hr,D34_device1_t5,29.230941253087686,47.083197380514704
simple recirc 1ml hr,D14_device1_t8,76.30413596657755,88.4855712890625
simple recirc 1ml hr,D28_device1_t6-1,64.07200488665251,93.20201416015625
simple recirc 1ml hr,D28_device1_t4-1,56.410898196939876,56.854912252987134
simple recirc 1ml hr,D14_device1_t6,55.79284849247377,106.32451028262868
simple recirc 1ml hr,D28_device2_t7-1,57.51072695252793,64.84069465188419
simple recirc 1ml hr,D14_device1_t7,46.587997033087966,96.96568747127758
simple recirc 1ml hr,D14_device1_t5,50.01323662818532,94.0691499597886
simple recirc 1ml hr,D28_device1_t8_stitched,42.36677638970596,60.714394714007284
simple recirc 1ml hr,D28_device2_t5-1,31.377506876542398,49.635332174862135
simple recirc 1ml hr,D14_device1_t4,49.789756137921984,92.89825008616728
simple recirc 1ml hr,D21_device1_t8,86.44493593027352,117.2510892980239
simple recirc 1ml hr,D28_device2_t1-1,48.05618814799289,72.36671932444852
simple recirc 1ml hr,D14_device2_t8,54.411036196160794,106.35955379710478
simple recirc 1ml hr,D34_device2_t1,50.36787636942612,68.12766041475184
simple recirc 1ml hr,D21_device2_t1,49.8046131599239,101.46866455078126
simple recirc 1ml hr,D21_device2_t3,61.20919002403954,80.19986644071692
simple recirc 1ml hr,D34_device2_t2,70.41600435121423,95.11761043772978
simple recirc 1ml hr,D21_device2_t2,51.988596808002924,81.6228889016544
simple recirc 1ml hr,D28_device2_t6-1,37.38796519991731,50.544394100413605
simple recirc 1ml hr,D28_device2_t2-1,61.73101851661493,84.0094855813419
simple recirc 1ml hr,D21_device2_t6,31.266014124659307,54.66238295611213
simple recirc 1ml hr,D21_device2_t7,52.669255282456305,68.75536032284008
simple recirc 1ml hr,D34_device2_t7,43.8154536603995,47.10589743221507
simple recirc 1ml hr,D34_device2_t5,49.55163278917503,81.16195786420037
simple recirc 1ml hr,D21_device2_t5,31.528462728999248,66.14036865234375
simple recirc 1ml hr,D21_device2_t4,52.28597911240599,58.440990492876836
0627 peristaltic 11ml hr,D15_device2_t5,85.37887581226096,182.13580106847425
0627 peristaltic 11ml hr,D15_device2_t4,94.7182401710603,169.19990880629595
0627 peristaltic 11ml hr,D15_device2_t6,82.36062087501097,127.82444063074449
0627 peristaltic 11ml hr,D15_device2_t7,87.47467965292724,173.28841911764707
0627 peristaltic 11ml hr,D15_device2_t3,85.96056051666929,163.9323357077206
0627 peristaltic 11ml hr,D15_device2_t2,63.6397937897756,139.7691147748162
0627 peristaltic 11ml hr,D15_device2_t1,60.433112854869925,136.38752154181986
0627 peristaltic 11ml hr,D29_device1_t6,87.95371989584379,100.03132396024816
0627 peristaltic 11ml hr,D34_device1_t7,79.63721779797066,90.44056037454044
0627 peristaltic 11ml hr,D21_device1_t7,87.22186613176567,133.0992302389706
0627 peristaltic 11ml hr,D21_device1_t6,93.67809708404913,121.32265265969669
0627 peristaltic 11ml hr,D34_device1_t6,75.7725493543383,77.86017061121323
0627 peristaltic 11ml hr,D29_device1_t7,76.28696690734061,98.57626378676471
0627 peristaltic 11ml hr,D34_device1_t4,94.36183333136532,117.75753748276654
0627 peristaltic 11ml hr,D21_device1_t4,94.46336377082268,129.12926312614889
0627 peristaltic 11ml hr,D29_device1_t5,94.94168905206786,108.83262939453125
0627 peristaltic 11ml hr,D29_device1_t4,91.99785564520278,106.41343635110294
0627 peristaltic 11ml hr,D21_device1_t5,60.84426531257208,93.06001622817095
0627 peristaltic 11ml hr,D21_device1_t1,93.82609381726387,130.73633171530332
0627 peristaltic 11ml hr,D34_device1_t1,59.611719069401204,90.29323586856617
0627 peristaltic 11ml hr,D29_device1_t1,89.37062333844645,154.86766429227941
0627 peristaltic 11ml hr,D29_device1_t3,91.54093235964079,114.56441865808823
0627 peristaltic 11ml hr,D21_device1_t2,90.09725524216009,129.77721306295956
0627 peristaltic 11ml hr,D34_device1_t3,94.1075592147595,94.84576487821691
0627 peristaltic 11ml hr,D21_device1_t3,92.9643214458102,160.00523897058824
0627 peristaltic 11ml hr,D15_device1_t2,90.41755188460864,165.21602926815257
0627 peristaltic 11ml hr,D15_device1_t3,84.54380852569719,119.10900304457721
0627 peristaltic 11ml hr,D15_device1_t1,50.72458672116633,139.8667724609375
0627 peristaltic 11ml hr,D15_device1_t4,90.34781431784843,137.70490938074448
0627 peristaltic 11ml hr,D15_device1_t5,85.26799977325683,198.2974192899816
0627 peristaltic 11ml hr,D15_device1_t7,94.09585350084146,146.58334458295036
0627 peristaltic 11ml hr,D15_device1_t6,96.25318116526917,153.16006362017464
0627 peristaltic 11ml hr,D29_device2_t1,79.5020280922772,93.3742489085478
0627 peristaltic 11ml hr,D34_device2_t1,96.61385865158604,123.30880557789521
0627 peristaltic 11ml hr,D21_device2_t1,79.31183385835054,92.22810561236213
0627 peristaltic 11ml hr,D29_device2_t2,98.67067710939227,100.20263097426471
0627 peristaltic 11ml hr,D21_device2_t3,92.80018516379226,138.62850198184742
0627 peristaltic 11ml hr,D21_device2_t2,92.47052490275772,141.78078110638788
0627 peristaltic 11ml hr,D29_device2_t3,100.73240763909283,109.63327349494486
0627 peristaltic 11ml hr,D29_device2_t7,95.29402041888002,150.50357306985293
0627 peristaltic 11ml hr,D21_device2_t6,52.91957863182066,104.40461569393382
0627 peristaltic 11ml hr,D21_device2_t7,89.45872073872512,161.52765251608457
0627 peristaltic 11ml hr,D34_device2_t7,75.45275110912068,94.60570930032169
0627 peristaltic 11ml hr,D34_device2_t5,100.53428272094973,119.11749052159927
0627 peristaltic 11ml hr,D21_device2_t5,87.70380155493504,135.4161901137408
0627 peristaltic 11ml hr,D29_device2_t4,90.26501205718661,115.19029684627758
0627 peristaltic 11ml hr,D29_device2_t5,92.42211261430045,119.12547032973346
0627 peristaltic 11ml hr,D21_device2_t4,91.74515606656055,162.29899686925552
0627 peristaltic 11ml hr,D34_device2_t4,95.61760130831716,133.09530747357536
peristaltic 23 ml hr,D15_device2_t5,50.925120465054036,118.55949563419118
peristaltic 23 ml hr,D15_device2_t4,43.6050619478723,89.16575855928309
peristaltic 23 ml hr,D15_device2_t6,73.01887178788651,84.92440472771139
peristaltic 23 ml hr,D15_device2_t3,45.23561262940162,67.36052748736213
peristaltic 23 ml hr,D15_device2_t2,43.35447085820214,76.74419663373162
peristaltic 23 ml hr,D15_device2_t1,44.39885122043183,100.87427475873162
peristaltic 23 ml hr,D35_device1_t3,59.317086370747646,64.6618558995864
peristaltic 23 ml hr,D29_device1_t6,97.04470820480387,112.97398154990346
peristaltic 23 ml hr,D35_device3_t6,88.60650079067662,89.54239358340993
peristaltic 23 ml hr,D21_device1_t6,51.516884507977316,65.94842960133272
peristaltic 23 ml hr,D35_device1_t2,80.01044847049815,67.17074261833639
peristaltic 23 ml hr,D21_device3_t1,55.12619556806017,55.97508903952206
peristaltic 23 ml hr,D29_device1_t5,66.57091561509355,61.063337258731615
peristaltic 23 ml hr,D15_device1_t8,80.51395167432939,107.00597426470588
peristaltic 23 ml hr,D21_device1_t5,73.67672153204711,91.20224537568934
peristaltic 23 ml hr,D29_device3_t1,76.99962397398745,68.36163776395841
peristaltic 23 ml hr,D35_device1_t5,50.75199909682407,54.884133731617645
peristaltic 23 ml hr,D21_device1_t1,35.86148084556516,54.4540584788603
peristaltic 23 ml hr,D35_device3_t1,30.172263362529396,28.913167604230182
peristaltic 23 ml hr,D29_device1_t1,91.10824666722384,98.14097110523898
peristaltic 23 ml hr,D35_device1_t6,74.77943026970549,87.85537856638774
peristaltic 23 ml hr,D29_device3_t6,72.96496529620039,64.61050881778493
peristaltic 23 ml hr,D29_device1_t3,70.46823089552751,64.07065357881434
peristaltic 23 ml hr,D21_device1_t2,71.89656561708095,74.31460607192096
peristaltic 23 ml hr,D21_device1_t3,111.22420039110597,128.4694264131434
peristaltic 23 ml hr,D29_device1_t2,97.30350681856775,113.42922291475183
peristaltic 23 ml hr,D21_device3_t6,85.12716007300251,94.12379868451286
peristaltic 23 ml hr,D15_device1_t2,27.008993618913497,64.80591897403492
peristaltic 23 ml hr,D15_device1_t3,48.211153132511264,61.7493465647978
peristaltic 23 ml hr,D15_device3_t6,47.76791622628007,82.9817964441636
peristaltic 23 ml hr,D15_device1_t1,29.34851356929617,46.21861572265625
peristaltic 23 ml hr,D35_device1_t8,82.43386919938825,94.29939679387948
peristaltic 23 ml hr,D15_device3_t1,59.33622968846772,85.00862965303308
peristaltic 23 ml hr,D21_device1_t8,53.617166276243545,80.14530244715074
peristaltic 23 ml hr,D15_device1_t5,34.62012246116795,64.25336555032169
peristaltic 23 ml hr,D29_device1_t8,61.88441697726932,72.65913732192095
peristaltic 23 ml hr,D15_device1_t6,57.704737577944954,76.73884205537684
peristaltic 23 ml hr,D35_device2_t4,64.60499979079039,60.54246855933069
peristaltic 23 ml hr,D29_device2_t1,93.61334314346486,108.46590719784007
peristaltic 23 ml hr,D21_device2_t1,85.35046201290157,112.44366383272059
peristaltic 23 ml hr,D35_device2_t5,55.70555005599034,41.52454905790441
peristaltic 23 ml hr,D35_device1_t1_1,85.09383951884992,90.74275333180147
peristaltic 23 ml hr,D29_device2_t2,71.74053507357966,77.84841883042279
peristaltic 23 ml hr,D21_device2_t3,76.65543861294604,114.58311982996324
peristaltic 23 ml hr,D21_device2_t2,65.78230009770004,93.09477610868566
peristaltic 23 ml hr,D29_device2_t3,101.50724166444256,90.01710707720588
peristaltic 23 ml hr,D35_device2_t6,93.40413728036918,98.16125560087316
peristaltic 23 ml hr,D35_device2_t2,82.05490911683492,73.86874712775736
peristaltic 23 ml hr,D21_device2_t6,99.00136597360476,94.8838924632353
peristaltic 23 ml hr,D29_device2_t6,54.601164769990966,49.032098029641546
peristaltic 23 ml hr,D35_device2_t3,68.73591164810608,72.23339146728978
peristaltic 23 ml hr,D35_device2_t1,70.7669815739072,96.70261158662684
peristaltic 23 ml hr,D21_device2_t5,75.9262136706618,108.59407312729779
peristaltic 23 ml hr,D29_device2_t4,67.71398343838108,61.37184412339155
peristaltic 23 ml hr,D29_device2_t5,87.64619404197559,97.06913416245405
peristaltic 23 ml hr,D21_device2_t4,96.91753218815279,140.63277085248163
complex recirc 2ml hr,D21_Device2_cond2_t7,86.3351065740331,176.13107263901654
complex recirc 2ml hr,D29_Device1_cond2_t5-1,86.95725918878638,168.53834802964155
complex recirc 2ml hr,D21_Device3_cond2_t1,91.59237869776517,164.68375962201287
complex recirc 2ml hr,D15_Device1_cond2_t1,42.50245922113045,117.71814970128676
complex recirc 2ml hr,D21_Device2_cond2_t6,75.86120204739713,107.02296142578125
complex recirc 2ml hr,D21_Device2_cond2_t4,78.98629903716017,198.45755471622243
complex recirc 2ml hr,D15_Device1_cond2_t3,60.499753246747716,86.8141228170956
complex recirc 2ml hr,D21_Device3_cond2_t3,80.78646958070968,102.89489099839155
complex recirc 2ml hr,D35_Device1_cond2_t5,77.5417338855447,143.4540433995864
complex recirc 2ml hr,D21_Device3_cond2_t2,93.93003947321778,130.94811939912682
complex recirc 2ml hr,D15_Device1_cond2_t2,57.01651500304715,89.36474609375
complex recirc 2ml hr,D21_Device2_cond2_t5,99.27863637663326,158.3987117991728
complex recirc 2ml hr,D21_Device2_cond2_t1,93.76249748662525,164.781396484375
complex recirc 2ml hr,D29_Device1_cond2_t3-1,83.34276583105223,170.50373032513787
complex recirc 2ml hr,D15_Device1_cond2_t6,87.64945260595016,119.66524299172794
complex recirc 2ml hr,D21_Device3_cond2_t6,90.11128393112499,175.8765151079963
complex recirc 2ml hr,D35_Device1_cond2_t1,69.29103911829142,134.8877348058364
complex recirc 2ml hr,D21_Device3_cond2_t7,88.1224654781401,156.1462064855239
complex recirc 2ml hr,D15_Device3_cond2_t8,47.532152505074365,128.1153413660386
complex recirc 2ml hr,D15_Device1_cond2_t7,98.86779153384542,144.9207842658548
complex recirc 2ml hr,D21_Device1_cond2_t8,55.44303754585346,74.26140352136949
complex recirc 2ml hr,D21_Device2_cond2_t2,94.02806365987048,132.27656178193934
complex recirc 2ml hr,D15_Device1_cond2_t5,70.50230377109784,90.33355210248162
complex recirc 2ml hr,D21_Device3_cond2_t5,86.42511433639031,158.01977467256432
complex recirc 2ml hr,D29_Device3_cond2_t6-1,77.81950076620264,123.80103328929228
complex recirc 2ml hr,D35_Device1_cond2_t3,81.47222915466803,132.12764533547795
complex recirc 2ml hr,D21_Device3_cond2_t4,91.08744254824832,141.37473790785845
complex recirc 2ml hr,D29_Device3_cond1_t7,61.90678217878001,80.80214700137867
complex recirc 2ml hr,D21_Device2_cond2_t3,86.49531325784329,139.2507697610294
complex recirc 2ml hr,D29_Device1_cond2_t1,68.02183779531633,139.78946389590993
complex recirc 2ml hr,D29_Device3_cond2_t8,81.03145885914081,112.18055563534007
complex recirc 2ml hr,D29_Device1_cond2_t7,47.94767764741016,65.89285098805146
complex recirc 2ml hr,D29_Device1_cond2_t2-1,96.33147102288872,134.5646671070772
complex recirc 2ml hr,D29_Device1_cond2_t6,85.46561273028136,122.42943187040441
complex recirc 2ml hr,D29_Device3_cond2_t4,88.74030313526704,155.9828218347886
complex recirc 2ml hr,D29_Device2_cond2_t3,85.49533922381035,171.43041274126838
complex recirc 2ml hr,D21_Device3_cond1_t7,64.60583926990566,129.77408878102023
complex recirc 2ml hr,D21_Device3_cond1_t6,70.56952782270683,113.08105181525735
complex recirc 2ml hr,D29_Device2_cond2_t2,80.87115752935527,108.38867761948529
complex recirc 2ml hr,D29_Device3_cond2_t5,42.39568654356499,73.08503489774816
complex recirc 2ml hr,D29_Device3_cond2_t7,89.54354040724239,130.64915340647977
complex recirc 2ml hr,D29_Device2_cond2_t1,105.06027150126721,141.49208338120405
complex recirc 2ml hr,D29_Device3_cond2_t2,50.856586342422474,66.71165915096508
complex recirc 2ml hr,D29_Device2_cond2_t5,94.99118303795352,165.33361888212318
complex recirc 2ml hr,D29_Device2_cond2_t4,64.06195181090023,136.76471521714154
complex recirc 2ml hr,D29_Device3_cond2_t3,85.35205539543682,106.39691951976103
complex recirc 2ml hr,D29_Device3_cond2_t1,72.64729125753853,95.12142764820771
complex recirc 2ml hr,D29_Device2_cond2_t6,92.12729865127618,189.0691628848805
complex recirc 2ml hr,D29_Device2_cond2_t7,78.64375763434333,147.0478838752298
complex recirc 2ml hr,D15_Device2_cond2_t1,89.57359221291088,112.73289435891544
complex recirc 2ml hr,D35_Device3_cond2_t1,90.70219541667123,124.02206097771139
complex recirc 2ml hr,D21_Device1_cond2_t6,87.78366187936479,127.72293557559743
complex recirc 2ml hr,D15_Device3_cond2_t6,96.98780366248545,124.69620145909927
complex recirc 2ml hr,D35_Device2_cond2_t7,82.6359619876985,163.60314869600182
complex recirc 2ml hr,D21_Device3_cond2_t8,88.61449004565468,162.0413179285386
complex recirc 2ml hr,D15_Device3_cond2_t7,94.04656248135696,149.90990923713235
complex recirc 2ml hr,D15_Device1_cond2_t8,90.70121298154491,128.46466279871325
complex recirc 2ml hr,D21_Device1_cond2_t7,41.97817804556557,91.67682028377757
complex recirc 2ml hr,D15_Device2_cond2_t2,93.51464865248641,163.37601174747243
complex recirc 2ml hr,D35_Device3_cond2_t2,84.28257532480296,112.57087545955882
complex recirc 2ml hr,D21_Device1_cond2_t5,92.80050465878644,156.64725700827205
complex recirc 2ml hr,D15_Device3_cond2_t5,87.25267491022463,135.83837172564338
complex recirc 2ml hr,D15_Device3_cond2_t4,81.28302042013812,127.98744901769301
complex recirc 2ml hr,D35_Device3_cond2_t3,92.6089299292016,156.5140940946691
complex recirc 2ml hr,D15_Device2_cond2_t3,69.4352365156867,99.56249569163603
complex recirc 2ml hr,D15_Device2_cond2_t7,59.83448142522735,70.24469209558823
complex recirc 2ml hr,D35_Device3_cond2_t7,91.91074540052757,142.22040369370404
complex recirc 2ml hr,D15_Device3_cond2_t1,74.24220123959661,166.47495045381433
complex recirc 2ml hr,D21_Device1_cond2_t1,78.25881478322502,125.88756893382353
complex recirc 2ml hr,D15_Device2_cond2_t6,101.90017441656556,139.44171717026654
complex recirc 2ml hr,D15_Device2_cond2_t4,89.5503144504164,139.37859173943014
complex recirc 2ml hr,D21_Device1_cond2_t3,88.97608893982871,149.3294491038603
complex recirc 2ml hr,D15_Device3_cond2_t3,77.65306988252837,210.46836727366727
complex recirc 2ml hr,D35_Device2_cond2_t3,91.99277624834023,137.8603458180147
complex recirc 2ml hr,D15_Device3_cond2_t2,84.49255502921594,95.17413401884191
complex recirc 2ml hr,D21_Device1_cond2_t2,94.00922971964057,144.08291446461396
complex recirc 2ml hr,D35_Device3_cond2_t5,95.05695672784712,133.453952923943
0523 simple recirc 1 ml hr,D34_device5_t3-1_stitch,36.9818184911498,63.25876485680943
0523 simple recirc 1 ml hr,D34_device4_t6_stitched,65.88771856266716,97.51474210915916
0523 simple recirc 1 ml hr,D34_device5_t6_stitched,44.93774483803072,53.92525482338493
0523 simple recirc 1 ml hr,D28_device5_t6_stitched,67.62038590727774,80.56572814879709
0822 peristaltic 11 ml hr,D29_device1_t3-1_stitch,77.74680921468457,93.12801891657087
0822 peristaltic 11 ml hr,D29_device1_t4-1_stitch,103.91151495361935,122.37979259985933
0822 peristaltic 11 ml hr,D35_device2_t2-2_exp1_stitch,94.77087226176937,93.10517604216228
0822 peristaltic 11 ml hr,D35_device1_t5-1_exp1_stitch,98.64085448511754,132.42034958016853
0822 peristaltic 11 ml hr,D35_device2_t8-1_exp1_stitch,76.51676548764931,85.62457455075885
0822 peristaltic 11 ml hr,D35_device1_t1-1_exp1_stitch,96.19388467357685,109.29773349981208
0822 peristaltic 11 ml hr,D35_device1_t4-1_exp1_stitch,94.83705576034053,107.1570964220173
0822 peristaltic 11 ml hr,D29_device2_t6-1_stitch,97.30646226242024,114.55894950256216
0822 peristaltic 11 ml hr,D35_device1_t7-1_exp1_stitch,89.73012310471279,130.2628696633109
0822 peristaltic 11 ml hr,D35_device1_t3-1_exp1_stitch,85.22688079895691,94.01492943292594
0822 peristaltic 11 ml hr,D35_device1_t6-1_exp1_stitch,94.23219897584843,104.07875909721258
0822 peristaltic 11 ml hr,D35_device2_t6-1_exp1_stitch,90.74028651507189,98.97433196005271
0822 peristaltic 11 ml hr,D29_device2_t2-1_stitch,76.34611301198503,75.44389274739129
0822 peristaltic 11 ml hr,D35_device2_t3-1_exp1_stitch,98.22066390954554,123.975591068196
0822 peristaltic 11 ml hr,D35_device2_t7-1_exp1_stitch,70.95690596946089,82.77690072304723
0822 peristaltic 11 ml hr,D35_device2_t5-1_exp1_stitch,80.74698320708306,113.97731515447273
complex recirc 1ml hr,D35_Device3_cond1_t7-1_stitch,95.23241369688431,134.63992596609828
complex recirc 1ml hr,D35_Device4_cond1_t5-1_stitch,82.37542029639864,81.46984193990427
complex recirc 1ml hr,D15_Device4_cond1_t5_1_stitch,93.49798622540666,116.07484539258145
complex recirc 1ml hr,D35_Device4_cond1_t8-1_stitch,85.7479692699352,124.24887330133993
complex recirc 1ml hr,D29_Device3_cond1_t3-1_stitch,77.66901071770651,70.8679927985622
complex recirc 1ml hr,D35_Device3_cond1_t8-1_stitch,80.07187586005502,99.15933864226815
complex recirc 1ml hr,D29_Device4_cond1_t5-1_stitch,87.27096965902243,80.4904762905082
complex recirc 1ml hr,D35_Device4_cond1_t6-1_stitch,89.13080191610739,129.23029464473962
complex recirc 1ml hr,D35_Device3_cond1_t3-1_stitch,94.99904929435253,79.92544719300717
complex recirc 1ml hr,D35_Device3_cond1_t2-1_stitch,87.32484867585235,111.4176152271344
complex recirc 1ml hr,D35_Device3_cond1_t5-1_stitch,88.918506779501,107.49124652977844
complex recirc 1ml hr,D35_Device4_cond1_t7-1_stitch,72.38621390256955,88.22075379344102
simple recirc 1ml hr,D28_device2_t3_stitched,52.82663285889295,81.52670677412438
simple recirc 1ml hr,D28_device2_t4_stitched,58.12408867815599,63.816853938707006
simple recirc 1ml hr,D34_device2_t4_stitched,66.03778254225469,73.98214335982584
simple recirc 1ml hr,D34_device2_t3_stitched,57.31917676441923,80.6190188702689
simple recirc 1ml hr,D34_device1_t4_stitched,72.25574870395128,95.89352901738103
simple recirc 1ml hr,D34_device1_t8_stitched,73.37857634867402,72.8860606221891
simple recirc 1ml hr,D34_device2_t6_stitched,55.31057445460496,74.97750598635405
0627 peristaltic 11ml hr,D34_device2_t3-1_stitch,83.2657429435217,76.92672368173982
0627 peristaltic 11ml hr,D34_device2_t2-1_stitch,98.75457765514837,94.57383625443236
0627 peristaltic 11ml hr,D29_device2_t6-1_stitch,75.48723082407386,101.45165895315596
0627 peristaltic 11ml hr,D34_device1_t5-1_stitch,79.90772004120346,89.34608596989887
0627 peristaltic 11ml hr,D34_device1_t2-1_stitch,92.77629007403742,111.01371699635627
0627 peristaltic 11ml hr,D29_device1_t2-2_stitch,96.5199660313659,99.74583558612254
0627 peristaltic 11ml hr,D34_device2_t6-1_stitch,103.1908059485408,136.27282697994335
complex recirc 2ml hr,D35_Device2_cond2_t1-1_stitch,88.3358800723919,113.81468258260387
complex recirc 2ml hr,D35_Device2_cond2_t6-1_stitch,88.96718102742086,93.28353533307971
complex recirc 2ml hr,D35_Device1_cond2_t8-1_stitch,96.84197150814117,113.04256680441006
complex recirc 2ml hr,D35_Device3_cond2_t8-1_stitch,100.88926798518294,126.47425748106191
complex recirc 2ml hr,D35_Device3_cond2_t4-1_stitch,92.43445332286288,131.3617486791647
complex recirc 2ml hr,D35_Device1_cond2_t2-1_stitch,101.06067219808607,134.40852975721774
complex recirc 2ml hr,D35_Device1_cond2_t7-1_stitch,102.14154543562906,146.11193156166178
complex recirc 2ml hr,D35_Device3_cond2_t6-1_stitch,105.31120128383668,136.8637746990688
complex recirc 2ml hr,D29_Device1_cond2_t8-1_stitch,78.19414605255851,112.92378615008523
complex recirc 2ml hr,D35_Device1_cond2_t6-1_stitch,92.40602314589047,118.83032310827855
complex recirc 2ml hr,D35_Device2_cond2_t2-1_stitch,92.62121764777527,112.60988398151683
complex recirc 2ml hr,D15_Device2_cond2_t8_1_stitch,57.627155311890114,59.76157133695946
