Organoid_ID,Label,PC_1,PC_2,PC_3,PC_4,PC_5,PC_6,PC_7,PC_8,PC_9,PC_10,PC_11,PC_12,PC_13,PC_14,PC_15,PC_16,PC_17,PC_18,PC_19,PC_20,PC_21,PC_22,PC_23,PC_24,PC_25,PC_26,PC_27,PC_28,PC_29,PC_30,PC_31,PC_32,PC_33,PC_34,PC_35
1,Do not grow as expected,3.7860961014461525,4.226814368932351,3.36118522795825,0.6315662733996101,-2.4027538045876025,2.33961160385901,0.7534129851786097,-0.35633056171894284,-0.5728401481528692,-0.28529487402747195,-0.10279218178987383,1.0596024347163278,-0.5329500554062353,-1.487350574681941,0.19721931179903157,-0.5033652376462011,0.6107239677921796,0.7032726273429413,-0.18215054584587717,0.1539756580044421,0.06267079544547506,0.048498984811330935,-0.20625651722286276,-0.07450104185522494,-0.3047535017001953,-0.10224894621919713,-0.1091976673489518,0.025077135230695567,0.04165007971169695,-0.007039052429931957,0.07388000372515185,0.008421508020241187,-0.0021701714880943907,0.0006761498858346576,4.811591814195155e-16
2,Do not grow as expected,-6.537441625895661,2.1910327149540074,1.6257091101294445,6.355685510774278,-0.04851264184773098,-3.2262217569510967,-1.4828420243179987,1.7143696756088436,-0.20402531679188757,0.23961311380663683,-1.7010493352627531,-1.0075802401818523,0.5078809396269222,-1.1610077187224557,1.6813615575759664,-0.01352062890498813,0.885641167820719,-0.155229290238064,-0.4526369996582515,-0.20837870527843366,-0.10132778133140721,0.41343632090101246,0.24756662063500956,-0.04783107013566191,0.03143036166002941,-0.10377772118264365,-0.0720884750895753,-0.027188533782194924,-0.037839839279761665,-0.09043575914809747,0.009054244811092647,0.024414560214170457,0.03027650220585297,-0.010729779288175081,4.33289383762096e-16
3,Develop normally,-0.7767992043393386,-2.5535668974247345,-2.104658418299404,1.0266510435699017,-0.4204758175845446,-0.9906903822679616,0.9906051776618562,-0.24508158961238796,-0.5738005863623653,1.250262295686715,-0.13290660795262,0.15691399801024758,-0.4884334361054734,0.17158866159318972,0.2528816938233099,0.5128329553057366,1.0137223449943704,0.22053035092434134,-0.11134753040756915,0.4760283680226852,-0.3927784257775678,-0.451259124318857,0.4223058682828754,0.1954599416545982,-0.11957164767252487,-0.12580965579652748,-0.1871158872934665,0.02468172089232708,0.07069267346419837,0.049378514347219585,-0.015312180599690911,-0.0312185683152677,-0.0364615703754085,-0.005836304461422121,4.341168570385624e-17
4,Develop normally,2.9061579305906253,0.19119888636789273,-2.1576019415733234,2.5839228355781008,0.27447015670015645,-0.9298202357806101,3.7426272014884945,0.8872925968152999,0.3741375538529698,0.13042564238272317,0.5709678731263106,-2.5198485485314244,0.10978882511670979,0.24438446751083526,0.09652490523116287,-1.5776823553935104,-0.3970000853477781,0.3749124438507171,-0.1138408244989542,0.36225735997540204,0.08095311527362661,0.09905961735148294,0.11497202042456896,-0.35485223361587054,0.16231473127380955,0.11451173637668112,0.13124015479121187,-0.07631546538460737,0.06739631864414591,-0.06386429291458637,0.036043070760768146,0.0061031604844819145,-0.03021173082996101,0.03060039112787959,4.6207601954230586e-17
5,Develop normally,-0.40821567278203136,1.373115547105232,-0.8629989090932582,-1.5797735541591291,-3.0168819831691946,0.17062234157263148,0.9676158340001556,0.6021035212598541,-0.25726857596929087,0.5993456915243959,-0.062274677599058595,0.11152981570670037,-0.8848179124782397,-0.9956865895991022,0.0776675555744716,0.8685949428479599,0.05701043782353417,0.651511349789295,0.6302486692728361,0.300174102734056,0.0856795952217859,0.13334261827694927,0.06566386641493209,0.07302624778966225,-0.14676866018700846,-0.0018264420140346811,0.16461940347177506,-0.06705590200263217,0.04742576284628368,-0.0045405639209509146,0.011192938497902972,-0.0021300750367604497,0.030553286599349527,-0.0021597164214493766,6.731659055509446e-18
6,Develop normally,1.7065196260459097,-0.2970691076437208,-2.031997999720049,0.13254909453497862,-0.44787323261937567,-0.7651146008902858,0.9840948929256116,-0.10671250346154326,-0.5208169982701096,-0.9442194415570476,1.0772224509122739,0.6246371352345749,-0.6083309505558973,-0.4188922621720521,0.3302756464330052,0.6096654759605473,0.47857215175773105,-0.0652360600015335,0.26242100845610467,0.12065866130119698,0.05029127907852736,-0.08667175238120951,0.12435453087572207,-0.3678721477542899,0.013463719765310677,-0.20997240649656282,-0.02092265218713407,-0.044605938948041796,0.023766606509818974,-0.020649315234454117,-0.004564913816876327,-0.03293248745031543,0.0027290187610426136,0.0016836436562583093,3.729547279942668e-17
7,Do not grow as expected,6.639620124480891,2.0721525039055932,-1.9267072395782936,1.858649796556951,-0.1835413777298124,1.0928684740444585,-0.0571085110784303,2.3550286436691175,0.5901177883449503,-0.37513471849530783,-1.2673805287380133,0.8356425121583975,-0.4877165175996286,1.013906071348372,-0.32715689487683375,-0.05007640943461519,0.07567901185542297,-0.23966463488705622,0.5605735985346331,-0.27739673987575036,-0.22978051554114068,-0.14584929736679839,0.5613755350334504,-0.12832342204850453,-0.00863179595391228,0.25045634625226754,0.023824308760727254,-0.06420134670945268,-0.05339304002360558,0.07508731700010714,-0.05618564174068685,-0.001680403866695017,0.053255747437258784,-0.004195251042667415,2.955444012894274e-16
8,Do not grow as expected,1.605678784591662,4.034838002934243,-2.4446798160909364,-0.6429652178793425,-1.5797094012328283,0.0043076404261958865,1.0944397477787267,-0.16307824557012868,0.1494932159373432,-0.36782998439224585,0.8773321499996783,0.3138315555068595,0.744239486342558,0.029091040254897418,0.5515957023560664,1.9570255665512657,0.7662922641483773,0.091274492864687,-0.14913427268339638,0.2186697678711223,0.4888564305502348,0.0723120020630246,0.053564011664001085,0.13775061912090866,-0.054057047081277995,-0.1142835994521921,0.08666726535837667,0.012891695133615258,-0.08322368123565185,-0.04491825108973855,-0.04740496759193253,0.01798435194171794,0.0024613235544990414,-0.003051081242657496,-1.822958075754128e-16
9,Do not grow as expected,3.574898761765893,4.822341940087857,1.3500479640694993,-0.3139364703526547,-2.370107346417876,0.30329424036934444,1.5189911919844394,1.0004410434517912,0.3356513286296194,-0.4549169817232587,-0.5569205686418898,0.5146348361588365,-0.04683704953324496,0.5948609798961302,0.9626567560469946,0.3190612819071799,-0.09564386293766153,0.2684663327633767,0.15517330018246148,0.04291769890726939,0.02924397080792585,-0.03681285424607217,0.12384156598504084,0.30412301940038217,0.15410909046917196,-0.021217323787775116,0.032027685184823095,0.0007939733116999726,0.030137665448154834,0.06792388984857302,0.023394374970126464,-0.045484582835311996,0.023282427721770575,0.007377668219193143,6.249901529915677e-17
10,Do not grow as expected,-4.721287632379215,0.8062475168927994,1.1098655662908765,0.7887650891824958,2.359938920273221,1.63043439810036,0.014401679101707173,0.4549361763973352,0.929125579705781,2.126340938288936,-0.6813234131503262,2.5371271290866644,0.1588880088246051,0.6060746118384273,0.7984098591277814,0.4372914109611377,-0.35263026269996567,-0.07304854952953936,0.3557264671416312,0.6914397061634795,0.22651518221501704,0.36997662636250117,-0.2507815518420426,0.06561900979563068,0.17692859583563744,0.07069749689854433,0.14093006907775188,0.08990812530953692,0.07675143500637288,0.001042767897638668,-0.058829491018660966,0.029671511464677162,-0.026711380921187602,0.017732747070422654,2.470760297580397e-16
11,Do not grow as expected,-5.267397528735778,0.5007312623130844,-0.7636043306334321,-1.7261079749471644,-2.3388598235572204,0.40110977246346013,-0.3949279306620186,0.638488099457079,-1.4120032587833578,0.030536358404436404,-1.1602545895202574,-0.47148148518094063,-0.17804927262237433,-0.016868451575730074,0.0757145715949579,-0.19979677189388426,0.17482150303290153,-0.433343803695224,1.3444702526378778,0.44275320947373914,-0.15430691585498177,0.010581298760542467,0.10975372295180014,0.1289175554357913,-0.09988142623662742,0.33750264944849034,0.06689682179445276,-0.006885521216011738,0.033856750543763484,-0.07505267282461944,-0.01525682196833079,-0.03864761444421557,-0.021558011536209346,0.01781654277926583,3.152878932191262e-16
12,Do not grow as expected,-2.756498701873568,3.2673244048854833,-0.8920156130508228,-3.2725401536992598,-0.09752379176001166,2.6600540992645603,-1.0392411146845502,-0.23198827976127498,-0.2572961612081237,-1.1198274476639813,0.9826764708565939,-1.3919496629210264,1.179595096246698,-0.8367897825166083,0.5556018158866728,0.07478161040190992,-0.8154804196715987,-1.1112948294838083,-0.7465611696062996,-0.09025929415751371,-0.1019010406158213,0.006085450613972815,0.02693511974842877,-0.045377947229919814,-0.04663455546396187,0.14788369732750603,0.01641824546694444,-0.08122475876638661,0.15402916153568635,-0.013356902804167042,-0.06967340627346738,0.011876311086956543,0.01927928738782049,-0.017098123137768987,2.8460490210374963e-16
13,Do not grow as expected,0.9884784847016308,6.216166368261684,1.7018941125801061,-3.260616375185195,2.364153125899468,0.7904886100708682,-0.6116118654096642,-0.7979300260288714,0.059277276215608084,-0.9313848140742159,-0.1519619418050593,-1.3825211711213505,-1.2335924952061157,0.6853503340410472,-0.07330425000452272,-0.570370211088563,1.287139728000882,0.7229869644993357,0.07875273670001554,-0.16407485931141721,-0.03943071346958645,0.24114204196745825,0.04827157735983629,0.015112189812791848,-0.06585270036200491,-0.09602998755952381,-0.119954883389212,0.0030889793391660194,-0.05448455226640644,-0.022923288208140328,-0.005337070482733003,0.03460495479986911,-0.04253828043636739,0.010941924866708273,-7.439278659987633e-17
14,Do not grow as expected,-2.931012088674726,2.394424409980236,-1.8786526992315669,-1.1662399949650402,0.9135921409850273,-1.2851755568519165,-0.42444913054594635,-0.9088046802206702,-1.2493788791256486,-0.7955708351022953,-0.20884715129399056,-0.3513694358786098,0.5219522878044153,-0.3093976179428093,-0.6181276625706739,0.1969694622089025,-0.1765550108982932,0.42019855803685674,0.19338385237782707,0.09266626909248259,0.16341815199213952,-0.033420381833974055,-0.35420194764597224,-0.2555334151530657,-0.09853049512660744,-0.10456919479303514,0.030943627248247715,-0.048786800344316775,0.07153524743433275,0.005081749793975482,-0.0024863597240049546,-0.01714079778923886,0.0313799526611567,-0.0018414003776059816,1.0241945451814635e-16
15,Develop normally,-2.892003082347359,-1.2279667712063245,-0.9679520258229216,0.3125358682900194,-0.13097864805787507,0.5875638704189174,0.7205040990689257,1.3278994056378315,-0.09904609438541179,1.4058638401678847,0.1334094076009419,0.7534161443633084,0.6540928773472772,0.6480268876241969,0.24996526698557275,-1.2055193756236404,-0.007747553163737337,-0.23392523463453152,-0.6135068243766593,0.354217482904629,0.04816188945363262,-0.20400340728814387,-0.27655750731876366,0.08640422348680314,-0.23162840900973042,-0.03513246538581593,-0.1529991268960196,0.14911249249604688,-0.03048654938486592,-0.021740297702240213,-0.007990990796233435,0.005160905706895759,0.013818391456587103,-0.015091232955365238,-1.591776940026308e-16
16,Develop normally,-0.8558621617002701,-0.9532133695377317,-0.8590931627672924,-1.4000630795225273,-0.26848362495008354,0.3305239413896785,-0.4559821530913688,1.1259642824273846,-2.239792591238052,0.1829812718708399,-0.8828606741781856,-0.2624086240860147,-0.6171194847515197,-0.7288529519980722,-0.23530916055986112,-0.3152639478251107,0.41150808335929273,-1.0988551222882037,0.3539118849442551,-0.1925216630080772,-0.5361574425897766,0.19325707789704163,-0.2729740417780493,-0.31203930374449645,0.10148871773660843,-0.12323626695993045,0.06318274137982154,-0.022076411873282915,-0.005124154034415879,0.05365682606808536,0.03979018975164906,-0.015731682636908263,-0.02112441711629867,-0.009276094041441382,-6.455710959362618e-17
17,Do not grow as expected,-1.2768506473212267,2.4507576234488537,-1.0990113510479456,2.0839628969217134,-1.9562402294699774,-0.11495825113009021,-2.6733155290986144,-1.2808317181345446,-1.6990320971984196,0.7469242735673796,1.561085190376841,-0.42674528032422643,0.16904934580650746,-0.121368339305464,-0.03333511454728365,-0.6769898939469577,-0.4083783032724684,0.6723941929381675,0.23229430101956441,0.34350557860317105,0.051838161272738575,-0.27223747342722815,-0.16698032419917289,-0.2154105781279592,0.2899286804339193,-0.012612483446604213,-0.1397095696606573,0.019009758930575806,-0.09935820339859473,0.006875289892844041,-0.059962649710605866,-0.02609478909240701,0.013343372351422618,0.039210942343043405,6.004325586012788e-17
18,Do not grow as expected,2.7768899995851237,2.622005693175478,-2.3607663297367116,-0.2955856940691891,-0.1856914034859497,0.7750581290641858,-2.061386138662999,-0.3193939953221276,-1.6594378769416198,1.9853258976044452,-1.3173037028613612,0.5846688974648435,1.990580077331749,0.5490320699923861,-0.6462260527772125,0.2057063087395148,0.24892035612732746,1.5052494646015195,-0.2190549012744513,-0.5470646720482075,0.21131757934924295,-0.12134543550103746,0.06490852457431626,0.08309360304478293,-0.13267106892597963,0.018814346112121728,0.10799808258837679,-0.018534521486407808,-0.03046908850901642,-0.01227744167821155,0.049963412788423846,-0.016096805669065517,0.0026510541325375,0.004450815018827297,1.5502131503802252e-16
19,Do not grow as expected,0.6491969391386261,3.5042867193339116,-1.7767587651300591,-2.1285643481323144,3.0741618287870205,-0.2699764293832996,-0.5033330262400062,-1.9738255443591712,0.6276507921691974,1.0217263875468152,-0.07375475980433788,-1.7342963636923296,0.04415089757515299,0.15440410828964193,0.5404535021095458,-0.5065152861668468,0.39796652580931074,-0.8415641441004302,0.2539738032336555,0.08360231158490807,0.06240859260536026,0.26950612511901284,-0.12675022854061413,0.44328197240598055,0.018193133890096615,-0.163225817667938,0.052732018257216844,0.055037381052811626,-0.1020513855450174,-0.003033944013538132,-0.03766679510408947,-0.019439328986393386,0.018602282317578708,0.013548464506044864,1.2858318888447752e-16
20,Do not grow as expected,-4.3150806619020186,2.6503736245916296,-0.31326536476429745,2.8714842165956753,3.6974496396284886,-0.9393784631585498,0.4545720815214328,-2.4336628990492843,0.7110016432516,-0.12570255160038782,-0.6794669510826176,1.7678522700188075,0.3209112267146219,0.12280903918402099,-0.7753878521533161,0.8419475174386307,-0.33019019520147974,0.44936225282022635,0.5557335268466673,-0.2779900615909123,-0.4120877025828811,0.00815815612279411,-0.02410845562150265,-0.29142097996985783,0.15503646567892537,-0.08854513628724686,0.027015346988394057,-0.007470730269788825,0.049982834016748426,0.03106442044842997,0.006393336860785176,0.031818838025427516,-0.031646825448472464,0.004707181510651374,1.9583477342257117e-16
21,Develop normally,-0.7444904428948284,-2.624203026183435,-0.9746716570259074,-0.6719249381592148,-1.2299824643263635,0.3974554947564505,0.22736885728977588,1.7649179737160792,-0.0992473901514455,-0.21127291144757568,1.0918301366813525,0.6886711428754381,1.586909988698392,-0.6794227352758901,-0.25722686672700923,-0.23582727444950893,0.2003474544987037,-0.3519466502280123,-0.011053468600441084,-0.13045998208163342,0.024226930870535776,0.3330838192266283,0.23205656435855604,0.15888353346944445,0.09308213727541671,0.03909436143665143,0.02048106362932406,-0.004550011973532585,-0.0975086490662021,0.0014459951304443073,-0.018448426725556702,0.03565891309229135,-0.030953763084435666,0.00529647330344306,-1.2450797189816182e-16
22,Do not grow as expected,-0.8730126653073853,3.436787073679349,0.30547870901463897,6.086912234993674,1.2106640048472015,3.3401711331545987,0.5462539207587848,0.3635328350639327,-0.6657077604336541,0.49733856099645063,0.3501145821747885,-1.2030063723314817,-1.8692733268495119,-0.06421428691732362,0.37925326414287874,0.2173298531126052,-1.3551321449898968,-0.2911002393441884,0.13304346701560435,-0.290103222039152,0.22685795625937258,-0.3294520297232169,-0.366804619050549,0.31773137331329604,-0.16251521579392045,0.05969932621240376,-0.048494993679307964,-0.024939808440102528,-0.06697633848795541,0.044700730434722044,0.02563719227760913,0.002349077094782723,-0.009920081117599726,-0.009292967545766532,-1.277605975465604e-16
23,Develop normally,-2.627085124431724,0.0028504429799282543,-2.310466920543702,-0.3477531944675147,0.7688681549379813,-0.7586934150201023,0.3814848932332693,0.38516960668662914,-0.1601981616449366,-2.7753685093295766,-0.4320870432267067,0.6131325147360052,0.6727570761957974,0.4358569705810284,0.13026456204769762,-0.4125671002137543,-0.08024459007761947,-0.27348468997695163,-0.060125451029402706,-0.1415810820249115,0.1978741067699982,0.04762820546004988,-0.20465858092701547,0.18199861533580974,-0.09105353824222377,0.0022027346735749545,0.060051645159911723,0.05461489752256497,0.024456408555303216,-0.01739055445886973,0.111601932235002,-0.04403919116762478,-0.014835114371567098,0.011287031331446705,1.4528613628451185e-16
24,Develop normally,-3.5398960567721343,-0.026785402686123845,-1.4305639308928197,-0.15165812896108766,0.039269616304892854,1.8922617173828375,-0.47420271181331963,1.1866112999677252,1.0174269904681532,-0.26301127139329933,-0.39690824699263005,1.1758706401529528,1.0616043704147269,1.2545911969903851,0.732082154293305,-1.1986970265445174,0.0008944885949382604,0.3655105915204342,-0.2999927283164035,0.07763839587640735,-0.009358645992153055,-0.09421048575987032,-0.08429135197576773,-0.2792147101193196,-0.034236322325526335,-0.0014488073295484461,-0.10793071843755266,0.06968977522843285,0.012708583527129443,0.012248375642149254,0.02717091747037389,-0.014954602266936432,0.014844871844707097,-0.004217082838800731,-1.247107095214512e-16
25,Develop normally,-2.4426808965163183,1.2549427721482522,-2.546685127359414,-3.4627855479789065,1.2229371224253738,-2.565477324545349,1.896359386054909,0.5073854773095944,2.1328848359105486,-0.2737359396432724,-1.6076177790831487,-0.4653398245233852,-0.9287686691855893,0.7924456451294,0.032146976913091464,-0.10988025790167709,-0.09257651931973178,0.27067182938165185,0.031813956708480695,-0.10377388133310121,0.2726618333089281,0.20372106429725723,-0.14391753654977366,-0.1571752754831896,-0.09885649302145592,0.1068104903406685,-0.17258917608955768,-0.015846769178143934,-0.09883872483909416,0.01329818306877768,-0.04731823888659987,-0.006272223345291365,0.0006415992948638592,-0.03140493616152879,2.628132666067472e-16
26,Do not grow as expected,-3.4828892036543584,5.430651361803339,-1.60010247039627,1.8732193768203342,0.790713605457404,-0.7164986109197077,1.065731143110705,-1.2212350105682488,-2.0302898974951447,-1.6155148209696966,0.48692849032550184,0.3002343469651103,0.6672452870822364,0.4615591417735455,-0.852551315512011,0.08403773848169063,-0.46445279989360866,-0.43238274371115326,0.27118480238318354,0.29941395936273324,-0.2676099162114171,-0.1860333548045998,0.2000363038082773,0.15756433350597768,-0.05896518866335786,0.11107908811217264,0.009454389575592761,-0.05058250679731552,0.03128139309038925,-0.013734572964551795,0.010738061961410422,0.0697186278264088,0.006137935535139585,-0.029530308354378292,-5.110217976815332e-17
27,Develop normally,0.5086469879591261,-3.419575752843379,-2.2911111701774916,0.483478856632518,1.0914756947783317,2.3101206738402453,-1.6060943959291938,-0.29036321984792407,0.3710482116259632,-0.09878993299554875,-0.7996317203514743,-0.09221154955313184,-0.39554234575216324,-0.6179668842336425,-0.7087889249242616,-0.4866011732911074,0.3105812707888014,-0.39731776668591795,0.3857310587751859,0.08584905177430975,0.03153654546813573,0.5951015254177463,-0.10199423170680394,-0.09962339372086673,-0.013050675768983007,-0.09175264583821051,-0.1144620847843305,-0.03392094207689538,0.009063292952949598,0.102197464337716,0.03537957137638037,-0.021972879954417775,0.03057295686204922,0.0003008120937348686,6.396887508912819e-17
28,Do not grow as expected,0.5798370181582096,3.0997394939918474,3.1205695718471995,2.081704433413726,2.0110217543110327,-0.8182002857139978,0.8481140620659492,2.184704941586808,2.0256308602247186,-0.08382549299140124,1.9292720923854187,-0.44236581759671073,1.0540342868110555,-0.26715755233573435,-1.3580426922089364,-0.2723514886435787,1.6163423584908496,-0.6555847353850314,0.581586258445055,-0.049899182786329176,-0.10993092341704316,-0.5122076864616195,-0.2105643423904792,-0.03945882909306546,-0.02310036184317676,-0.04206265878214885,0.035020206976848205,0.010999300732914807,0.01342305117752862,0.06439933588951523,-0.048672031386070395,-0.019216104713382393,0.022454174371092095,0.010781923975765143,2.0659722607065583e-16
29,Do not grow as expected,7.5453489300025405,1.1719438780756384,4.190651304202751,-1.1338761470743524,2.1189722103476334,-0.8982470960964034,0.9008514271120583,0.2105668928996602,-1.347991164149573,0.16320621568786806,-0.6685689764297805,-0.8785835950896489,1.4958431404513577,-1.137995661020871,-0.012164425086995726,0.7279440511752377,-0.4305974981054437,-0.03446368443986376,0.032300671110305525,0.34372543088165414,0.07261036547634306,0.3398091044954741,0.20172775893054276,-0.21877959937553101,-0.0645382107847915,0.2752270082281317,-0.13817499161009214,0.3148377418257711,-0.0009035900960107029,0.053177709888272216,0.011246839836405634,-0.029318975511198435,-0.023270779013793572,-0.0030566631707182393,-4.090884750881041e-17
30,Develop normally,-1.320586189495817,-2.802652831142638,1.4992589388703796,-1.216546670536046,-0.8888506803172713,-0.2606686031070944,0.38961300309378505,0.1430598716767516,-1.4700016180627373,0.6429926176712758,-0.377767764516474,0.1423139455335153,0.46751393738677294,-0.1854159668523656,0.4617963515385282,-0.4086053835276749,-0.4609306375253888,-0.584886832797793,0.7543527439526102,0.08376393368435428,-0.08446607935743723,-0.08840849363771186,0.19488051129378003,0.27068492738616273,-0.05115470441418406,-0.045679218516821295,-0.1674846648661636,-0.1886659967729075,-0.09698688760743349,0.01882267050023241,-0.011631108015837544,0.025210214915982878,-0.03268843496890997,0.0022132402903226843,2.8916672762303645e-17
31,Develop normally,0.025835519974737677,-2.3067991220498283,-0.6829377557803641,-0.6873453283976584,-0.6325957623074007,0.6607801898172416,-0.7247347065697338,0.17915246842503452,-1.5654616842036035,0.4467249923546131,0.10890925522482281,-0.5309149870924851,0.32924334325783833,0.5699050800733949,-0.43092211628068827,0.21368929185949942,-0.3796449254246986,-0.09374199364105476,0.10520402370851628,-0.1798808735694075,-0.453250990498438,-0.1508743289709354,0.12620201598239125,-0.21789913087368337,-0.155893102266456,-0.0943919184542669,0.05155852864529309,0.12331375412105583,-0.11592239083526026,-0.023980583918752064,-0.02101381753172893,0.005023862091177002,0.009573375641158517,-0.0006389045961848985,3.1796953246460007e-16
32,Develop normally,-4.937511050327326,-2.094087839813788,-0.15161751144301217,-0.6133975218079531,-1.6725390844154018,-0.7063108121886496,-0.09369466385120577,-0.4889323275361941,0.9881454815556978,-0.37296887953424246,1.225628936019354,-0.5801783965300421,-0.007085464366816902,-0.37050362212213706,1.101991781001822,0.8738146262437072,0.16812577827687575,0.9661709867961273,0.41033014255051437,-0.6063123048377077,-0.18178740447511296,-0.08877003427656784,-0.29642453931717716,-0.24250802467557503,0.10157651511669244,0.2730239759637834,-0.18292539621355758,0.033600037939218716,0.016701424920175137,0.024361277621177062,-0.013717352434483836,0.0081489217807265,0.030752921872816214,0.011399325826692331,-2.1704296470953444e-16
33,Develop normally,-0.034578082098687395,-4.026811441229022,1.878837687870648,-0.34284659715946325,0.006945400967480185,-1.1730241875394505,-0.6194433657142924,0.015625313951813075,1.3229394784140491,-0.5810427879710366,-0.15948521073181024,-0.4529894844305545,-0.09820925712023142,-0.18828160312223732,0.11918379845753395,0.27829216233421883,-0.46060358450519095,0.34682596011027633,0.6589221231989033,-0.1745440269455332,0.057616547462564956,-0.14611299198339078,-0.03605901977956213,0.21387774802095655,-0.11588456242927218,-0.04601533837183358,0.1380919322856458,-0.039906423893789025,-0.05124537108044415,-0.017603067728346418,0.014005438248313571,0.009349339929486031,-0.006670701357008555,0.009485254049325377,1.0659656586690766e-16
34,Develop normally,0.5811848564325334,-3.7713477601604883,-0.020941705972590843,-0.9934667707880855,0.2043427277555773,0.039691041158363374,0.7061519554198386,0.607516965035256,0.26949106835727493,-0.6229354666085433,-0.27744083371547584,0.1771219130455674,0.5772357148220313,0.018198904461983148,-0.05839482085155449,-0.33280123248211385,-0.08215746056418727,0.5076922870782279,0.6506016223628982,-0.23333291053250377,-0.057152927448649644,0.1322000003083606,0.041960963852818674,-0.0287817282505464,-0.02097949050328571,-0.12558557302003495,0.035523157773709284,-0.0866777452095424,-0.008916358740534263,-0.03378369078714977,0.009674910431538985,0.0340829921623296,0.008553194498829523,-0.008556248528585466,3.3841074176936418e-18
35,Develop normally,1.7757580909164508,-2.678499140801717,2.0774651169473395,-0.3267849250269431,1.9584515744207436,-0.32434800257983876,-1.0004535533077281,1.35549631570673,0.28763094741333906,0.011079316725685396,-0.8190177022445444,-0.7174534462979268,0.21782278138976413,-0.26153466432943523,0.23885272407051272,0.15181643388445018,-0.4770427850471384,0.6153653732865669,0.6633162057332899,0.3213616614662507,0.17345636549701995,-0.4163573137492474,-0.28503034593154364,-0.06787061476110469,0.0522306544766037,-0.12891853777439383,0.05548377453863294,-0.05819241084204801,0.013181453560720579,-0.019961319231164367,-0.022867379783122286,-0.016773685315399953,-0.03163617781622702,-0.03464356124060378,1.4712439641714753e-16
36,Develop normally,-0.2339110957192888,-1.0246405802100955,4.668463418899387,-0.5165361608370161,0.4336804724694785,0.24804615847284453,0.45368393551869257,-0.2321095218625632,-1.010436860313741,-0.39018745470537686,-0.5489254133780285,-0.43612920601214494,1.234629916527407,0.7934740120282104,0.4385575999610955,0.0835493658950769,0.1237897294034689,-0.17442613854521072,-0.08963620344418988,-0.19195229648276582,0.2249353398580492,0.03423827965070108,-0.14814392517694785,-0.18344400344661546,-0.12307297305071757,-0.07426541384789717,0.08097372096597162,-0.2059310676510365,-0.025505258217111266,0.11351205890327466,-0.0018561964140357556,0.01993523789788211,-0.00242137750446297,0.01361429219529935,-3.889282333429976e-17
37,Develop normally,-2.3016527353418703,-2.607442152092487,1.1634503612373703,-0.9430905316200994,-0.4423069185067262,1.7230163533390233,0.8659923435233844,-1.2493676085282373,-0.24749005833873503,0.07398490155879146,-0.23920800496436298,-0.2840939192920007,-0.5327593578028764,0.31487160783685114,0.20998727093408667,1.0598388208832248,0.16439380144816898,-0.25935711846177506,-0.2270565582182602,0.21822400076502382,0.008399360203787442,-0.21412969134892648,-0.16054132110874061,-0.26420720113353513,-0.01026370626599581,0.006367425199456563,-0.029635631475225886,-0.03299506400382581,-0.05375531587026793,-0.034214543440034675,-0.011790197402852667,-0.04237458166199837,0.007173008406761872,-0.0019494677692482832,4.4392702052954057e-16
38,Develop normally,0.20083722688018138,0.02302337403250062,-1.0798072844106887,-1.133353278349101,2.211396417452009,2.4780697227034394,-0.1483133567824963,-0.8784180624391829,1.5123614591089656,0.286402496314092,0.7227804191927014,-0.5132333583030212,0.6543714521112508,-0.6214713604615862,1.2909106736436258,-0.7676527240147394,-0.5052554189654549,1.0912224092756762,-0.014449487041888115,-0.26354405050887636,-0.10275149288831545,-0.04175223800598646,0.4924486235087338,0.18042645221124798,0.02059591304823974,-0.12770542645104174,0.06882533523132893,-0.10958006779402349,0.06766470518544473,0.05485086754476953,-0.011260575371158573,-0.03498270587570864,-0.00250900358882069,-0.012376242769326893,2.549804246105011e-16
39,Do not grow as expected,-1.6970193982312258,-0.7260585640029096,-0.668268927377558,0.44735015527035243,1.229065993320727,4.162717530047828,-0.7383494866105293,1.3993500771982037,2.547203639625009,-0.44095013658625487,-1.1676635440815428,-0.41850272728873095,-0.27321956166652084,-0.8258511287231102,-0.6553103965492936,1.198427989033902,0.07852180226232915,-0.47186413897313306,-0.28555412893088994,-0.10561905602125067,-0.30454330333339275,-0.16575884652273232,0.0864330831588663,-0.055692047342730366,-0.0907980049919487,-0.016003259356443703,-0.0017575725886968346,0.056452981764823516,0.008475152752929706,-0.08452683394420817,0.015262966340889307,-0.00040960967485304006,-0.024273208986042676,0.025949563209350334,-1.0982976178757428e-16
40,Develop normally,-1.9029769015962208,-2.7299545122246482,1.4321472950323848,0.42674833072478124,-0.8918803479612257,0.1598873762115852,-0.7402646150280847,-1.0410070771743067,1.279650684056925,-0.7896445336099229,-0.5247874070561098,-1.473527776878458,0.31105595658218055,0.659662289712095,-0.4261133366378909,0.40485554930303636,0.4106138912132912,0.6002307156960243,-0.5079571112169066,0.5498213172574591,0.050982881910723796,-0.018896645463274207,0.09750458412933104,0.13223102255231542,0.11169613872251805,0.21165582088856924,0.09084361372327575,-0.042807963645304294,-0.04431033674054683,0.016722394287981612,0.05514374927176908,0.015468166063256678,-0.0039693005475690615,0.006913658938368572,1.0279654743941765e-16
41,Develop normally,-5.0093821673829995,-1.9055149277389416,-0.33024697240836715,-0.16999871815646023,0.04564823838569519,-1.403572671190131,-0.07895873577670473,-0.5794070197477441,-0.06763259946972566,0.2861573637305592,0.2670077293419424,-0.1633232420768338,-0.8415408223283957,0.01403407547700869,0.3895167094835738,-0.16887390147851347,0.6648332292704866,0.39370904682149854,-0.35991101445055595,-0.5937977190697512,-0.48654290324712823,0.03651351321865738,-0.09081473943507266,0.14255800507692556,-0.24131520188511377,0.2762556908442402,0.1399449120486047,0.15595922169178172,0.055852615477581025,0.07506251555532475,-0.01744349563325883,0.012922075511578254,-0.012448522892481531,0.0067250491549639265,-1.6293040814139084e-17
42,Develop normally,0.5780098456041218,-2.0413728519181533,2.398100042874059,-1.9405273938230059,1.3410789811358765,0.10996558463041284,0.3110058022195309,0.9009675934156993,-0.4493208749463297,-0.12111429475225939,0.2909760903256765,0.5188030696557462,0.0809530362782178,0.3428015921853258,-0.08278174827009878,0.8430290246869527,-0.0363838751236226,-0.40145885562714095,-0.20892084579716297,-0.25687664113496017,0.1447153381043285,-0.1275335891541302,-0.20500542129653487,0.09885039690557694,0.2188317846645977,0.036367035258315646,-0.10614204263406779,-0.12103879092148036,-0.010600677104734033,-0.05528303597094148,0.04953973497484027,0.037515697748553956,0.03871595292966493,0.01598741240589585,1.6629784074957394e-16
43,Develop normally,-1.9843068676961477,-1.4545255978694958,-0.07474470272862736,0.9483324632894552,0.8475717608151772,1.1649389035012268,-0.03123581661443144,0.25065605785743456,0.08551148179822524,0.4879766651460333,0.5465462298338505,-0.24965892147032137,-0.41321044707471344,-0.7760154125668953,-1.289569509518002,-0.2783308802268322,0.1194089662166255,0.6500041258162184,0.11320324246633535,0.6788407132539421,0.2192477059970045,0.5028700724726751,0.02706925782475595,0.020932671566989608,0.15230420779660006,0.03491399622909177,0.05672126457773424,-0.013151762052608013,-0.012108317901455279,-0.003045028048991116,0.026980874199539828,0.017436382538155767,0.04865703070169133,-0.02841958113278968,-1.6116181243698644e-16
44,Develop normally,-2.5202724758177792,-2.793384756135753,0.04864711656513255,0.7021672442104264,1.5606592910586827,-1.0622626020862893,1.716690933974491,-0.08312810481802245,-0.015639917613811217,-0.5780224042724624,1.2049825817868793,0.30365731450081523,0.5143681632109747,0.24397443411860578,-0.4340456351675735,0.10951507248199881,-0.8566771405278971,0.02226552672128352,0.25640892397368487,-0.3265080582243702,0.14465783265048726,-0.07847324092316109,0.14636366903045403,0.23799470109885146,-0.2663404906223407,-0.08895656329881725,-0.13828123045524607,0.10891079633218817,-0.004881835728777892,-0.05277330854739174,0.05100029778924417,-0.031096037865212072,0.021383643675821795,0.015620593164809514,3.4231603134470126e-16
45,Develop normally,1.0141641985056786,-0.0422132539440834,1.1511037890640397,-0.9947138316014121,1.1219062330152756,1.205562642854457,-1.3531731279942718,1.6943797817105566,-2.108599664022575,-1.432502897048201,0.8226638912227717,0.01668762218856482,-1.2888006452788787,1.1004268674121176,0.15219438107690364,0.04523900233587244,0.3546857615859107,0.6711785077945459,-0.5897546148733815,-0.08894102307631509,-0.051434048057275944,0.01896189043306122,-0.016208229539816512,0.03465387926323291,0.20034278307749528,0.06967883595115859,0.10998426262409781,0.06505130119319938,-0.0074021722486475395,-0.0005425371806931635,0.003706146456937863,0.036514083550602636,-0.023409865768559898,-0.008676372064776056,2.908443945460265e-16
46,Develop normally,0.7128710240096616,-1.4715781123159757,0.584619280132006,-0.13823691996614407,1.6374858683104927,-0.11863584428572707,0.344498356975938,1.514765986591097,-1.6297349970031838,0.5832430107987582,0.6154297025621426,0.21623220285187228,-0.39731725569546505,0.45887458323436175,-0.007160208665885988,0.09873216670896083,0.15449790803160265,-0.23923757260857118,-0.14567704656357983,-0.18981413908195385,-0.04483363025798531,0.0090244069783362,0.03576414019198675,0.2137943630315769,0.1215124028333013,-0.13053832584845687,0.10397361904976266,0.061933106555879816,0.030409450426189765,-0.06425423218214102,0.0002399920290628389,-0.016324235197950336,0.01680537311211559,0.0011181496023275487,-7.523769058862752e-19
47,Develop normally,0.9558214873956814,-2.0052962483076326,2.1991312760441484,-0.5639984339047801,1.6296465159069735,-0.9874137136701404,0.2115505912914261,-0.05158643140135784,-0.7925071898000141,0.4024660297270056,1.1383536356664306,0.5578947345681575,-0.8725459052918644,0.5769203854184916,0.22200987405173067,0.30775831663719444,-0.5626517002998763,0.48455513890051344,-0.4599072603860023,0.38630651288946605,-0.30955542084146964,0.3228977166761163,-0.11706083653995263,-0.03186051827845426,-0.19447688695531679,0.12765100937730062,-0.14881116123980256,-0.15052772363009825,-0.0024680113151741767,-0.004227691906991705,-0.0025060810076322276,-0.013785319307237996,0.03496766203315945,0.007913505539797585,1.0229339729118021e-16
48,Develop normally,1.1694234928919525,-2.390563204104649,-0.8268349744888208,-1.5427680836065547,2.0144558979952314,0.1384398633645634,-0.2829714573269456,0.7672724518747019,-0.8997516137066617,0.25447394880447766,-0.06733785562856608,-0.24491023913891216,-0.8199761654524859,0.3987747937354515,-0.44380712826070073,0.1148367936401025,0.27793533932486403,-0.12227248883687034,-0.6166311931193879,0.08934843206539804,0.007260659155830007,0.005243302110664635,0.41612859572218647,0.09836806245971796,0.02755991617955094,-0.13082548534005062,-0.06910442469022685,0.004964074906842877,0.11860267999635483,-0.01662587515735793,-0.019646760464983377,0.023794810334792322,0.03254985939833566,0.03476434715151632,2.2270235154407524e-16
49,Develop normally,-0.3916514879210599,-2.9183553847040606,-0.2457804291973343,1.3347082371492527,2.0548155063656535,0.7761257150493028,1.3303772268197354,-0.19938031310375143,-0.8081437451286732,-0.933009199165156,0.9239625269020881,1.1476306737270217,0.2867810893346225,-0.703237337399573,-0.09441867505541343,-0.05200157310360091,0.4182764288765934,0.5182523991198976,-0.866154873049901,0.1144610962651002,-0.13174814471821367,0.1439085427402666,-0.03289763385461485,0.09741583774826612,0.157532438187956,0.07409599580324144,-0.028277228528119244,-0.13286871896205327,-0.0692720539397012,-0.0018460476475263047,-0.07808094827413445,-0.06780667328735908,-0.038671496081785835,-0.01824220987771466,2.9914780161369046e-16
50,Develop normally,-6.097758737116304,-2.9913636185768895,0.8356734815340509,-0.9065435650202455,-0.16108727417459162,0.5716321607916641,1.2403237276370684,-1.3591437005347042,-1.2023804004498042,-0.18421301054737482,-0.9479027185146403,0.07066181078006559,-0.8640256398188825,-1.0737749942828403,-0.09100816760498943,-0.6476834823840742,0.3509082193529682,-0.1915955110643596,-0.003921140631668011,-0.344716754040553,1.1236012264801647,-0.5697845903237978,0.5275564677750917,-0.08122944398177362,0.2699297510807627,-0.013034386816502317,0.037752188943208594,0.1727495476186724,0.006864085484754934,0.07090759021118355,-0.009461633240943536,0.029334735206274887,0.01314259818361795,-0.004326411835538783,1.5348752367760533e-16
51,Develop normally,1.735640221038376,-1.458098774128207,0.06858046787663057,0.8472469112726206,-2.4196251551259387,0.6311237398890561,0.28130867241476787,-0.6510270252225926,1.0318013032288178,-0.5008800173400688,-0.24164735131353182,0.10813234126689383,-0.0019347059571386406,-1.3275561648987078,-1.304477705033946,-0.3868902152569427,-0.4953716034774443,0.6594830971818384,-0.515715935046453,-0.20580334672153305,-0.19368348969036867,0.05617117356032228,0.11149334702842563,0.09299723682008694,-0.19939495859453008,-0.03670057053083534,-0.02778496126364175,0.02897054243893648,-0.04668977039764697,-0.03600917821650377,-0.0876246139433851,0.04070518301025487,-0.016708011570534618,0.0030468512989760784,1.1260641928003808e-16
52,Develop normally,4.580994075059265,-0.565264118258289,-0.19887519649566113,-0.06568211720606949,-0.312849076692632,-0.25712461887530225,-0.009920237325093171,0.025228125378408912,0.6657621850203513,0.1460158251568024,-0.20168645308268576,0.2883015283581531,-0.5034869964570335,-0.17354235785871516,0.7561556692774378,-0.46168747610101046,-0.827797845900656,0.18564405901323927,-0.0027749898020126523,-0.04835993650091646,-0.1556422146621427,-0.17574665658697555,0.06534630904056088,-0.37276839982329574,-0.019805250901216574,-0.06194019078810753,0.2612336983168007,0.03879396097315971,-0.06476487661716518,-0.05019886357970446,-0.011611985537324777,0.014551665368982778,0.0010421492215310305,0.007087517881888765,9.635017743104607e-17
53,Develop normally,5.214303545422734,-1.608711845532142,1.4197363145979591,0.16389777989445797,0.31462393104956554,-1.5601983365894188,-0.9253300035609425,-0.8725672190928786,0.0038135813433237847,-1.8032632264769832,-0.8572113066057445,1.1927767328752723,-0.2262719771202101,-0.5916347614313273,0.5047517432532426,-0.9586766909503897,-0.16153784091572584,-0.304592469236839,0.03532996386849375,0.0029214227992488038,0.07839310145143615,-0.14143039334438917,-0.5100679669670961,0.14218401827202815,-0.0988304153873801,-0.014542381719481889,0.15684336930481968,0.10222728856280411,0.04939870625080841,-0.04437117117517063,-0.09719369563697865,-0.00632883656334518,0.030063757838313634,0.00374071056255625,-6.164864866976732e-17
54,Develop normally,0.0370125208795054,-1.194361390815835,0.6118081637554147,1.2040652480409941,-2.850821971240859,1.6839629928395172,0.7588636928791302,-1.5029966972212874,0.9561518209174654,-0.7426567911344147,0.11947042759802554,-0.08052073770261076,0.3151485660826229,0.6920304445816883,-0.10149235237694912,0.15244534969399398,0.46699542606748096,-0.5127672141391927,-0.3483637497339299,0.01916198109661541,-0.2677165617031666,0.07834991014365177,-0.1814121857819417,0.0308247175732649,0.2977848217224476,0.04913469836252271,0.14151688280212693,0.09858875243571802,-0.10949444011851099,-0.010993788831368551,0.04755310450566176,-0.03648808659529226,0.016408630327130434,-0.022715616213881462,2.1039533074555178e-16
55,Develop normally,4.691567145026662,-3.057422938477028,-3.198839914385281,2.6094401236774063,-1.5860821659025586,0.30351581185835813,0.38265737881737266,-0.648834542165753,-0.10368192989655567,0.7400282862010853,1.0186825088505622,-0.7632740310623586,0.29451517731918675,0.5446054984295087,-0.1520668106430713,0.55108285431317,0.033760522825198765,-0.5774382274955672,0.22103249954000928,-0.5114928919948492,0.6035956348865731,0.5852448579495483,-0.37611397761265697,0.0035941571853698967,-0.0847257769588233,0.04799899105971682,-0.040403461580176464,0.014322894762323459,0.04653753675531756,0.05698946353971543,-0.02129653642925514,0.02438708857791147,-0.03135785305762862,0.006777058978557758,6.080830457257575e-16
56,Develop normally,5.817424984877883,-0.09349620177722363,0.8276502892945947,0.1601041581380635,0.5547894523446005,-0.641197441296744,0.49250722078881803,-2.628349993737999,0.5823468470993893,0.3978866178217358,-1.4685355428223588,-0.11628595416866648,0.27158843152463064,-0.12650424472904717,-0.0312795247470013,0.018295178882590555,-0.7685009695741349,-0.3221548971442156,-0.04614815752401055,-0.049681871778923074,-0.45548024384723257,-0.035390685899229474,0.21501172077045647,0.2015685656879571,0.307279232808663,0.050567283383812334,-0.18120007605542687,0.03479430585688449,0.015842109706675253,-0.019291476609139168,0.019622057020627005,0.011991857443652061,0.03318348141888756,0.0017585137093665917,6.613117639891363e-17
57,Develop normally,3.699293728579386,-2.427347879453889,0.2595807067385663,0.7524567900405108,-1.084480777295051,0.21872655978840547,-0.6274931351586484,-0.33183993799154193,0.17072039196060412,0.598992171005968,1.4552276334515093,-1.2231549852277264,-0.029427646277605544,1.2552564823753913,0.6593583086166165,0.48926747735715115,-0.032376314955426824,0.04329442736408295,0.7180351054021168,-0.09247905755732612,-0.21640394019342404,0.1898484317767258,0.08728304063896261,-0.09581640136328791,0.04734469892653747,-0.24355238226373918,-0.019699986419644683,0.19232919396996728,0.10388700711395611,-0.03250175695156041,0.008152383762655683,0.0299954848227046,-0.00201345689699803,-0.034967158577223226,2.8766927877020855e-17
58,Develop normally,-0.3271729137533029,-0.18281108294432194,0.16990136987392998,-0.3375811019668808,-1.8156130442447438,-0.27490004727934275,-1.3902658433870099,-1.3134979950888632,1.2311004480132968,-0.43422667412384935,0.2062602187892006,-0.22700621005421012,0.4325560913196892,-0.20380475985983876,0.12206342519534534,-0.0811163516330638,0.24198065980414057,-0.3463760222336338,0.1663243505393347,0.15651849621145242,-0.20116732939001178,-0.24697458729855865,-0.056364283396076326,0.21732087480462506,0.1768543463842052,-0.07002369365978564,-0.0785703970879197,-0.032853364910370594,0.051585951753641376,0.008895354907716405,0.043119639868398396,-0.023786546872344886,-0.025777756273530853,-0.0026768560208845333,9.103938551363596e-17
59,Develop normally,7.87166703089849,-1.7192641930871027,-1.8947626302882847,1.6306425169705474,2.4356481952934605,-0.8903266180994998,-2.467358817535668,-1.1147573874244383,0.13315076342465654,0.5678519476461407,0.3550217373156486,0.9354277185397719,-0.37616231800323124,-0.29195883139454404,0.3894121250191439,-0.06141214645202773,1.0060348010459845,-0.6316298519544459,0.05660807826469187,-0.20483382388470361,0.5315142191589369,-0.2966464539570295,0.08488056358943359,-0.09254189242584816,-0.06132045967595697,0.3631629411639372,-0.06723293920092469,-0.13897720740598524,0.0427531379468501,-0.09788734518716659,0.035794528486597296,-0.01124561648403857,-0.0206350906009768,-0.01615207474974942,-1.5781748040890305e-16
60,Develop normally,3.5764263878173503,0.5126891230144422,-0.3842812328789818,0.4346395623520754,-2.475547507131968,-0.4820362464815055,0.5300369907548289,-0.6317120512121928,-0.5146568270946567,-1.116788580910819,-0.5888273057136708,0.7596648372032119,-0.007187773556703362,0.5915359514163052,0.5124615170171334,-0.3723895410867958,0.16173748252476206,-0.39061888826412755,-0.39637625572302454,0.04284893373035575,-0.2241555963416495,-0.1442618994893548,-0.1306103265571292,-0.004292981254933474,0.07475908377134265,-0.04958234924578823,-0.02124227725041263,-0.02360456099503716,0.024919943126310795,0.042223349277532685,-0.019312944004883075,0.03856910625408736,-0.024778309568205956,0.002262182135814879,1.901248137118222e-16
61,Develop normally,2.5069863089157294,-2.2379164771675817,-1.381547611477052,1.0238748547018768,-1.6834358164852528,-0.35455937776246294,0.9436801181599752,-1.5630128001409958,0.1797198906407503,-0.027195618679279183,-1.7842491864656056,0.14503382558099573,-0.19066787976968283,0.18609575102230388,-0.34831634928620353,-0.1508356089538785,0.5163950213491911,-0.10412505222367241,-0.37633790816883206,0.3787458613425212,-0.022596474411446594,0.0011127987323013204,-0.34984230673779504,0.09896147423526323,-0.07871820623043764,-0.09167149691499667,-0.02797242449994941,-0.046916064817978755,0.039381591643275336,0.001494380132556132,-0.018963771274239538,0.030806345114369724,0.013590115856096562,0.013718625823943285,-7.940758146842867e-18
62,Develop normally,-0.365124145311426,0.7682684107594291,0.42891727603815794,0.10579133916870558,-2.578128957402012,-1.3207295202064915,-2.849438108084414,1.690894331596906,1.8501378636055852,-1.2121086943371613,0.5637452273340389,0.49527481889045594,-0.2364522745742218,0.39524000517933133,0.02681796263477624,0.14777921303949532,-0.7859162006500686,-0.34090611452865377,-0.17830998332630735,0.3869465378714307,0.3726426653139188,0.1262077539793202,0.2903748992501805,-0.08793828326438935,-0.050062760405801814,-0.10708465582937252,-0.17180793125480964,-0.005946322028438365,0.03383949867414056,0.06957886364619308,0.010899151028485429,0.022098034330071546,-0.022928209743710435,0.0076794475892380575,5.6826539957479e-17
63,Develop normally,-0.676911303874631,0.214024159792536,0.8388370584794029,0.8269261211871427,-0.4416424868914199,-3.116932027764945,-1.2429300537981114,-0.19720069678167945,0.14632392440323494,0.008791748948452234,1.1570845730918196,0.8917579324338117,-0.9410033199806692,-0.38903348788306713,-0.35187909790249,-0.17323372909393017,-0.3941511508906565,-0.09613937991734459,-0.27853094399163963,-0.12224595087268464,-0.11789291866159743,0.41355444064766506,0.24292509191728287,0.251687784877917,-0.02417935689284752,0.012480021578639944,0.2388225794101246,-0.010797788993151324,-0.0011551056042009243,0.06657218341538246,0.018813320053866368,-0.04420095027637708,-0.002019327932398115,0.00020388664333867462,-2.950240779557475e-17
64,Develop normally,-0.5948080913474338,0.9479399748247078,1.4782027990280928,-2.279031526365819,-1.5439467407545704,-0.5582740023192339,1.2099889512181121,-0.41134035047937223,0.9420851230309278,3.6550634189461504,0.5679459922964329,0.1360925496793422,0.17763874886812595,-0.2703624210374035,-0.09541852416620461,-0.41896119562872886,0.32592645504206913,-0.5583380388467193,-0.5119442698803223,-0.287480667526557,-0.15861414650308128,-0.17680523542795046,-0.13511282191913315,-0.09228045858459362,-0.04220411390135433,0.0612331720602064,0.11839327540501375,-0.11265294739430573,0.03842309311933906,0.008427679779588304,0.045142012998641096,0.02791666032238704,0.00457449004847337,-0.01038300699302011,8.7510189464765e-17
65,Develop normally,0.16627431099531872,3.0574466185795925,-0.6351109988959012,-2.869826018911439,0.7769985543271379,-0.33547822477629957,-0.12388807593704651,-0.9341149369286532,1.1251422301137621,0.3830167036991409,1.9308983261521582,1.9997217564394345,-0.7358334179403332,-0.7578033383842797,0.40596992374073443,-0.5606322204485396,-0.24010030250643127,-0.6557908884304323,0.2641010689401493,0.11766493388748521,-0.06769038250149553,0.0023090176464991936,0.17889913099061827,-0.22866208138884106,-0.01738045058875821,0.03717963185361249,-0.01830175315047615,0.04900475555675134,-0.12509386046590043,-0.025696712416267867,0.07291519644089019,0.029304410563073823,-0.006098880651651316,0.00247268207779359,3.5459960523427296e-16
66,Do not grow as expected,0.09975367852168178,0.10559940058119309,0.13930905731261295,-0.9995031269856467,-0.42323298671569665,-2.062243173692768,-1.9419360492894127,0.49780321694520446,0.8304814665967323,0.5595510127891171,0.39634812590406443,-0.9638128970014951,-0.09498111232662552,0.33036587977451837,-1.0588392107149653,-0.1230997870171145,-0.18927698815310587,0.2789669205541684,-0.1774479188820832,0.5538088234140032,0.06598069101946824,-0.427226006392057,-0.15816278083419216,0.13422229712670075,-0.05347679124436563,0.06610624485648509,0.043153682936583615,0.0378987797158759,0.014755704007954262,0.01704296407309453,0.02020273203867035,0.021538053777262606,-0.0018744763501047635,-0.01703948666972401,5.263847887196733e-16
67,Develop normally,-0.9456708560447685,1.497189162703423,-1.0923688293365597,-0.16753623249098384,0.6232765141889569,-2.067954111719393,-0.4463555142146111,0.27017209321112917,0.08403503324228292,0.7306370997537516,-0.8206294665181879,-0.6357556857584329,-0.26098487618875077,-0.048547827250746876,-0.12543872113772597,1.015746190991953,-0.9589575150312918,-0.7561911355314364,-1.1916076684763064,0.10860444998555999,0.1337309453545386,-0.17362712430926722,0.1218230970531106,-0.2985455952355006,-0.08047097052477503,-0.13209059525792713,0.12779707349863131,-0.023656046279419442,-0.04056778077104407,0.04898536114779793,0.012671938354768666,-0.03289289326480385,-0.014532230166609234,0.005514521218584799,-8.65755904552315e-17
68,Do not grow as expected,1.0891311832045505,3.2552559295434595,-1.5082109590566957,-2.1530984074235855,-1.4824423903812278,-1.5153753014715257,0.5072344054084145,2.6944310114980095,-0.006797803387719587,0.8181992428389779,-0.5940397166578733,0.2290261802426642,-0.40850345350897377,-0.8179734434053756,-0.8668888671850635,0.09131850329878229,-0.6947711820948318,0.4753371152872534,-0.2066204560900058,-0.6169774609195479,-0.02784320752264012,-0.009701590948413443,-0.4666783707373147,0.23986728662109774,0.44596588902884754,-0.02650236051409444,-0.1729468453406331,0.009539401812448937,0.04593364385722787,-0.02759638060691973,-0.0037778740548116132,-0.015436863885368107,-0.0230854100304111,-0.00374262844118998,1.211217969279433e-16
69,Do not grow as expected,-3.5779526557100874,2.327374364830365,5.023720005398621,0.6673247181516452,-2.8754507675190335,0.4498694071965303,-0.16259063184922812,-1.4232140597384741,0.39125755243331556,0.5436852900358401,-0.12849097952653005,0.3344552952826576,-0.4119258348017975,1.5967492717704743,-1.2988168229107238,-0.5626089797892135,-0.19824965110484574,-0.402188539019291,0.07902072037951251,-0.5301439137009216,0.3437698780116034,0.36480977295655626,0.3557095654958846,-0.17022996458645473,-0.044030262991143224,-0.03849036843368142,-0.04371731553018326,-0.04721366776217168,0.06863186124700482,-0.10785616557440458,-0.05575930934389328,-0.06807937386475661,-0.015512201565110524,-0.010092332617063665,-8.32728103510111e-17
