Organoid_ID,Label,PC_1,PC_2,PC_3,PC_4,PC_5,PC_6,PC_7,PC_8,PC_9,PC_10,PC_11,PC_12,PC_13,PC_14,PC_15,PC_16,PC_17,PC_18,PC_19,PC_20,PC_21,PC_22,PC_23,PC_24,PC_25,PC_26,PC_27
1,Bad,3.1867587822734524,4.228444907239696,-1.5089006768483564,2.602408383909003,-2.9367389392990604,-0.5070073160651095,-1.8873834805451013,0.6546456974298095,1.1135799578666288,0.8945734691481593,-0.5231804553456602,-0.5179367857066097,0.24274141736607005,-0.07306484728913988,-0.16759566496684244,-0.13243393708651233,-0.3300822974417646,-0.05418249098196221,-0.043063628609855374,0.047274217740066585,0.027238973370505952,-0.023675303946073076,0.11341144111522931,-0.011866817679512682,0.002081680680088899,0.0065811151715761155,4.726087307638144e-16
2,Bad,-6.222359876124963,1.8315535782685826,4.101349216048508,5.249633535556676,0.8554293477859721,0.960511895848072,1.4877464070715654,-1.5083238130024386,-0.3092654029871829,0.9818971784307915,-0.3801085160455246,1.1045472516916668,0.712688849929621,-0.1333859996882036,0.2551533680741425,-0.35835504967791204,-0.3691656051955066,0.40331095489496605,-0.1393592924138944,-0.04763874686665716,-0.04831810358949711,0.13194922107194088,0.03797223746469739,-0.011657350368075668,0.047453079978377166,-0.008375798247586944,4.965762515881183e-16
3,Good,-0.73335796443878,-3.0867743792484994,1.515149815852359,-0.522383308909247,0.7423860398547224,-0.28078038634870583,-0.3987356726320573,0.6949983080275389,0.006046479139428695,-0.027860588173932166,-0.0009640849013302687,-0.19540591120659428,0.5140948079607442,-0.5225604120808972,0.40152616892462434,-0.15663544513517033,-0.027676635099323988,0.027827998624284752,-0.1090223032174292,-0.03032882011013025,0.035699422448159844,-0.0676485910248183,-0.011185594630552447,0.034099625752450805,-0.041662774625097036,-0.0010078789920386687,1.4937416234833638e-16
4,Good,2.6018938932420665,-0.22175180189488655,3.0261535029147053,-0.34071050896041527,1.9223485246041896,1.4882862584286902,-1.737447743248247,-1.6062727474461123,2.6707130302008366,0.2534923985126557,1.6699338660243201,0.211307598150195,-0.26340194806292766,0.03404661635408961,-0.033328646372182046,0.4045590299700789,-0.004182972696459938,0.14377347139784663,0.060489356500872137,-0.012023550145362225,0.05758189077191438,0.10290983536632402,0.00023412791266256915,-0.02288482357041643,-0.05350915571921492,0.03375903862023095,4.256514706840673e-17
5,Good,-0.817959154892938,-0.041934966850855286,-1.7690381621662195,-1.0813489823595108,-1.076075262386847,0.5461605073448974,-0.6649222411948197,0.21701040298430407,0.9222640952591833,0.3669444535527058,-1.238050933517197,-0.2828924139674894,-0.4957818078986133,0.1849253182249431,-0.11037742920692425,-0.14983360265394643,-0.0580598420455046,-0.1626537273193914,0.028213710274848564,-0.030062860002168124,0.03395822579011068,0.047030059119204506,-0.010017412055051023,0.01053197478573078,0.02302022545140027,0.017032489848999702,2.1360309495456572e-16
6,Good,1.5054988190333791,-1.2473641148484174,0.9908956638899004,-1.0805117207420327,1.0163946154363084,-0.20278834123883077,-0.3018181362264144,0.7577946063102224,0.7987634629908831,0.07222569082753316,-0.6303425194479502,-0.3126973151981384,0.23575928199801452,0.02341625024184648,0.03175026690857442,0.24709992534018563,-0.23180893201265693,-0.000316080488801907,-0.22128674597945047,-0.03424976699421784,0.03821322216383005,0.02182240889903637,-0.007986227935956316,0.04603144492859669,0.004348312628256827,0.009331015440826032,7.159717290379586e-17
7,Bad,6.318757582717157,1.1049036638369187,2.4952667951146075,-0.32231954852391725,-1.4925966011105027,2.136099707114781,-0.5219904971108007,-0.22710083539194517,-1.109825049608466,-1.0841777743248266,0.015816984300363844,-0.582770268723861,-0.38133794333722143,-0.10791047758252412,0.4705536441054018,0.1536628543619198,0.0009603530825253356,0.0921450604833076,0.25550575982848717,-0.06649095082476392,-0.02545580310863677,-0.021393346439525427,-0.07761857062399069,0.03751076294931853,0.07685726529892986,0.005278493567704937,2.7592027025920806e-16
8,Bad,1.0913672598065571,2.3406051872336264,0.2884625417784199,-2.4553766505366634,0.24800704570101142,0.17499501442513035,0.05665774925591974,0.20163557570045088,-0.3319268703449785,1.1697000113075764,-0.518137893030206,-0.04088082182509045,0.20555168887156625,0.3866117895971428,0.08548019842403534,-0.23523531621145974,-0.10560384330746893,-0.35566767341951955,-0.1685119632550433,0.04422377504997719,-0.09181474099994144,0.06694949310877132,-0.05517210717503582,0.009614330036585827,0.02159150981033145,-0.001680620642243852,-1.7612476706671124e-16
9,Bad,2.942239754577049,3.6925995506718374,-1.4933586629454172,0.9622744168492579,-0.7552572984339812,1.1007886636675897,-1.3137473083044109,-0.25529140101091974,-0.18405631860329508,0.04086231691105426,0.39747066890338734,0.2860655572944991,-0.6005719549938718,0.059181630853416184,0.07999220335447176,-0.32325886708941554,0.18397526800870734,0.011241058876849933,-0.08292397712022025,0.010610317464536502,0.03408700616356048,-0.037823391324289295,0.015776923381502394,0.05974640607868252,0.012130739593865214,0.018317928761121583,7.419717140628342e-17
10,Bad,-4.129313427546979,1.971194771453063,0.6467757609779785,0.33405810826982874,-0.498418159480392,0.8321020059660502,-1.0090381537582895,2.6283160053816963,-2.3634030239623307,-0.23754820113614725,0.1674378377018623,0.7687167762811085,-0.14359367814971483,0.1467315536604888,-0.4490416292042616,-0.12602738730367036,0.10937965210460888,0.09312141710383212,0.0022800664604006433,0.21145171376572014,0.0707479303501098,0.02724477077815922,-0.10185780812909027,-0.04198914466144443,-0.02593209618496241,0.017648858331073627,2.619697883282948e-16
11,Bad,-5.121404358011166,-0.9377820489316128,-1.7499384560990665,-0.6895437311787583,-1.5019244781343648,-0.45403308807672393,0.3517377322846569,-0.6137148930604872,0.23224635072230365,-0.4845158566709746,-0.36086182698706026,-0.14035996603823667,-0.17122185393786324,0.014255353045479917,-0.025480689176490764,-0.18334625626083847,0.0779852754785082,0.08155926759632146,0.3529245793918035,0.11079669293360557,0.04623473707957788,0.10906026357005329,-0.06281449568925851,0.04838716853771774,-0.029891496238799945,0.029703837697759847,3.6532377658899616e-16
12,Bad,-2.617364049497535,2.820438451803727,-1.9397525378093328,-3.207667126971436,-1.7972156684808671,-0.3029717683942256,1.2218434365768147,-0.7234070828493762,0.8788749753916197,0.7572589282431027,-0.14879917732939013,1.5169281589617134,0.39388937865672113,-0.3029138617514738,0.012899919325053702,0.14698670906000783,0.011046843275035413,-0.21139080681897182,0.1297600890028641,-0.05040013577567812,0.18283269647351197,0.027415660735970716,-0.03585514953607482,0.017719080036703718,0.040694333736812804,-0.03232019262698124,9.480411633221868e-17
13,Bad,1.5884441156371047,6.4926978921466745,-2.7437060454194886,-1.470691116052425,0.27052013627678817,-0.5753316859770177,0.7381341040454041,-0.5463557982084213,0.8392961088470942,-1.567784384475204,0.5685722829491308,-1.1835374061399961,0.3162421504774759,-0.22653002764215027,0.2028181097424909,-0.294970546912602,-0.2871776831941859,0.15085432377105876,-0.0759714872363762,-0.00790151564134512,-0.06259560369391295,-0.001355568135227913,0.002288492567828059,-0.049149802716677134,-0.022231653730844576,0.001240512648876005,-2.5030271476390345e-17
14,Bad,-2.550229515581,1.3709512142459193,0.2558620056823818,-1.9810128579547492,1.2931526538383349,-1.4688680461351,0.7919713330158163,-0.6801083085641688,0.16450321603611656,0.5290712343737916,-0.49885729192907385,-0.5130954366597066,-0.6573923269582957,0.20781312032572763,-0.25201335784898576,0.22213908138451058,-0.11822621823021778,-0.05838754530399073,-0.07544704707264535,0.008336159476019699,0.0713410595184245,-0.022850011337375745,0.02535379621021048,0.037035852470940794,0.030980031601765646,-0.0011506562081372105,1.8286982249011778e-16
15,Good,-2.740495754215732,-1.4491549693920114,0.6624397774728086,-0.3435764108733003,-0.5430403711084736,1.2376985601534816,-0.7712190054592695,1.000045760846985,-0.26955454784663246,0.5709660859115775,1.5026170769898455,0.3812302211337233,0.3109565923003948,0.02423701730362971,-0.19289253484995755,-0.0300928037815133,-0.05377310968828866,-0.040609153507585934,-0.0213009145890714,0.16949351451874256,-0.051489293098838894,-0.014629242915152859,0.04078628848095917,0.014343582493982534,0.02264200626230923,-0.019868385963415964,-1.8052329193002272e-16
16,Good,-0.4447451646954609,-1.789613689699335,-0.8351657288654462,-0.4103308284691387,-0.9480284218415332,-0.20459915983234764,0.4228457098224956,0.20603819781522795,0.5991721940923062,-0.591719274470994,-1.0197851884904243,0.01785395365480793,0.5058448757046482,-0.11273839518531963,-0.362360475532333,0.21796640693041286,-0.06768744182571483,0.2815120947954867,-0.11816375981606803,-0.039275027535870484,0.005774017448334456,-0.039253336799675874,0.02440971512280467,0.007221849655532241,-0.011763073349607413,-0.012465732902212633,4.247896021442762e-17
17,Bad,-1.8535942999556287,1.4653700695928764,1.8366193797779733,0.12421571611311588,-1.7180380830160127,-2.1305463546692542,2.391929797496514,0.49691691072673166,1.140014672222171,0.9014274607342435,0.6587256978291387,-0.21550757841289234,-0.4616625869314566,0.1610250406503272,-0.24054928649301716,0.29843423082784054,0.15878973143179187,0.3754812182519132,-0.057733287779612535,0.0203365076236797,-0.0941678430466065,-0.024587187143372657,-0.068087773943473,0.03903950595204768,0.009878443676154827,0.04223512365155531,6.665633426640431e-18
18,Bad,2.863249170055005,1.554306441238271,0.8491222683616862,-1.9719678924951538,-2.0536031503003493,-1.2248606408973564,1.3033235442361968,0.286799667278788,-1.8501698585329982,1.7973280530554467,0.5073992732386825,-0.8421505747397515,-1.2868066077901559,0.33092638611238845,0.4523477591063585,-0.046372906966936286,0.007215767556815305,-0.049090347666859734,0.06475879229289422,-0.05566524633990117,-0.06790984232216667,0.01673626727835796,0.0737163936429409,-0.00012364800246706558,-0.015068320619028288,0.0010501928513090178,2.698895858330951e-16
19,Bad,1.1839672521977,3.6336889355874993,-0.24539184165596487,-3.725241487763452,1.4740772915501401,-1.3510568267906222,0.8107412401544775,-0.643702413066294,0.18900439681086473,-0.6802066319280697,0.6066373717795377,0.7870750467431689,1.0720783736913129,0.11355987117806898,-0.0759811675979783,-0.48050735217997426,0.13274991502226757,-0.021061417184834827,-0.14951628470710118,0.04745522052031926,-0.1055466152728318,-0.00559907734296808,-0.06567081168054505,0.012395101556865885,0.0005645303812950073,0.013623524330824472,1.5959314765730626e-16
20,Bad,-3.8605746826159026,3.525583856447372,3.4598608449338917,-0.013976588847684253,2.446723483277222,-1.7728005996797174,-1.1576973320167296,0.6201229172498836,-1.9540464808361426,-0.18577013513357796,-0.8579629192061551,-0.5917668822408665,-0.6910240968014073,-0.29064582623654395,-0.0936142156062645,0.28553806089281975,-0.007777899520467319,0.13660490114645837,-0.04591602520703116,-0.07480443299916141,0.06142236290639074,-0.05483038647007312,-0.02895025270208494,-0.062178089512965155,-0.028575148501414675,0.0036518003540312372,1.7739992988000664e-16
21,Good,-0.897993268531512,-3.0536862262420956,-0.37057350779646075,-0.46561511488246343,-0.4815418794041358,1.4197543642410917,0.14825242721342302,0.5233706937560093,0.04164109828915942,1.7548764153871625,0.00521413152635511,-0.253008433659545,0.3405121321765446,-0.02371215952488568,0.11583919391712295,-0.1758613012989271,0.0440557186830825,-0.023055320763640294,-0.003779673190296931,-0.005472345968948374,-0.06872254143906324,0.023838936081217857,-0.061319334705527966,-0.04198125446382024,-0.011671472960493956,-0.0008306669790045405,-2.437333103243266e-16
22,Bad,-1.0574867058210444,4.290943536230837,5.362674221166562,2.1058925360331724,-2.3514638316417167,0.35788218534731786,-0.45020995453007034,0.6153841905110949,1.7775685219291848,-1.75381544180479,-0.41321643170881645,1.287742345954892,-0.6713492296018546,0.44495859592034664,-0.081509343456114,-0.1536017772927453,0.2041489056081258,-0.22729145649220636,0.1398089034439665,-0.060800333408061506,-0.07770049790984036,-0.09465372998984938,0.03754145672876444,-0.0073094048816918075,-0.010156949971596,-0.01143761194750321,-1.343302399321522e-16
23,Good,-2.236108655309979,-1.0081837023562668,1.2310809130884082,-1.4312386827180361,1.2237860343974347,0.05156951551114699,-0.40253278046429564,-0.9609559824862214,-0.4416600923708762,0.0013778686182374443,0.30755608655091576,-0.2569912877500009,-0.2926554556778561,0.06561225336343013,-0.07921559945690204,-0.21731345091307244,0.04558257989179609,-0.1934270016409384,-0.02422878189637747,0.14009645223132983,0.04440314867478402,0.012413264595702439,0.137906565370334,0.03836986731808206,-0.023900680782967212,0.010599098606828538,6.154491481051652e-17
24,Good,-3.2275902162497063,-0.2958936492974001,0.7172198528347682,-1.3606980423264317,-1.680391769092216,1.3341850655348244,-0.4948740653408416,0.3489540238659366,-1.2795988874574693,0.2935532954964286,1.8982818494176572,0.061616839205351846,-0.269127922619386,-0.20002453326722006,-0.01118625772748406,0.1716940266207347,-0.18282761130506747,0.14982590147965308,-0.007789083023985251,0.11924738874616082,0.021417441613379752,-0.036886856804014954,0.05725564419231547,0.024898772638590038,0.018241026386600783,-0.004044928686767624,-8.593721298882314e-17
25,Good,-1.8884993692041265,0.186056105429438,-1.5198465950926916,-3.6929549940577675,3.129591873804797,1.6424016447457321,-1.4370537751684886,-1.631520747937837,-0.5594262736670437,-1.2207667790427432,0.2061270664024317,-0.09732400836091988,-0.38336501207186596,0.3774480068926104,-0.0888261044056709,-0.07700312140328212,-0.3074746519067094,0.18826382554367674,0.11760850277591411,-0.008256691378191622,-0.10554266293813677,-0.019885831375320212,-0.026997196483863978,0.018709537661892213,0.016056582511342066,-0.035566885811508166,2.1916033520568681e-16
26,Bad,-3.588128268095239,4.107401997453035,2.767505649396511,-0.5523250364268897,1.5026454328019874,-1.949256861754098,-0.2637556927908119,-0.20884749532156863,0.30302492498459144,0.17259391834545143,-0.08185600048761205,-0.5250796556930833,-0.5661530949147019,-0.3007669215052249,0.020527712271287205,0.0472418858091196,0.18726162503720883,-0.21888442854702028,0.08619019902462968,-0.011070184512063206,0.051802637694013984,0.03364888277873588,0.002780468537397044,-0.03156441739095459,0.04383669977249812,-0.0252084773427359,-1.635765274439886e-16
27,Good,0.8908844815262529,-2.797747385019264,1.8676896440258788,-1.766172755001089,-2.136252339486401,-0.3281509999955004,0.2460823295984607,-0.28082599278770093,-0.2605070128813945,-0.6351716207162992,-0.6463987824392957,-0.45763537916102337,0.637531946973902,0.0031120341024770295,-0.2446407667588332,-0.12035325174513291,-0.2572327385135489,0.16498576832375722,-0.06891931875093964,-0.01593465260145312,0.023772457364575277,-0.12322241112803568,0.0070145649979930945,0.0160142059299425,0.0005977016024071605,0.006729026725820162,1.6444271571118007e-17
28,Bad,0.45133536868274354,4.302032006805339,0.6854230594664849,2.6379823883945908,2.133119579022502,2.8013827654741505,0.4746501871440283,0.020790981121088983,0.26155719349289613,0.7762241937835296,0.22246135005862772,-1.416200983004676,1.767084396422674,-0.00798641678259668,0.06284769632791433,0.24277678208651104,0.23394493990278073,-0.14688963340861427,0.05208850191319793,0.002404805936986475,0.030756136376635684,-0.12769895962469752,-0.06803360902311047,0.03088977167077759,0.020909900797242125,0.011864594308482778,2.077429739512269e-16
29,Bad,7.7402293162007885,2.4591920809547556,-2.4946871920263383,2.7550001235265014,1.7355282194308643,-0.4703195752343852,0.17609147715422838,-0.3976631989260531,0.0741346086852101,1.2563404932468283,-0.9415546227090991,0.7341981793453075,-0.4041320771469472,-0.1922964552660561,0.1479528808258084,0.04788843840626984,-0.32375120879309316,0.10153222424759474,0.22129235156567423,0.38333957244579764,-0.01034236849593748,-0.07154779917706466,-0.0248876648167194,0.015736570398546573,-0.060878033837317574,-0.008388577448288942,-1.560840611239102e-16
30,Good,-1.210576477072601,-2.6608881487295273,-2.1097132835234262,1.3658188359439183,-0.05381842636665665,-0.7374997495995088,-0.23901711225824943,0.48420653949093967,0.13557222263683866,0.14429955072391348,0.05849328421961419,0.7307702284414826,-0.20347676576970353,0.023102531028249905,0.1929341988796507,-0.2575950056862808,0.07378705035063308,0.07665439368279753,0.003038174822490387,-0.19388156146909477,-0.07422001716988604,-0.03696358706768331,-0.05495032555944783,-0.012726641600165437,-0.009550021351135059,0.007908396236495151,-4.8231236976408996e-17
31,Good,0.03171774691469235,-2.4679189662150103,-0.388310011075388,-0.37816434552373723,-0.9568809434625558,-0.6078190825218833,1.0719703697129621,0.20764637595774976,0.040386110771620125,-0.18467453083065036,0.09942989031944732,-0.019326439003958383,-0.5768979537816229,-0.2859333760579484,0.07145647696376788,0.30098140752529945,-0.10336482273514883,-0.12697532454026067,-0.04408118374102529,0.05041256676283685,-0.11798467971881464,0.015956703823567356,-0.03405877268562908,-0.005115127015290346,0.014004723342133776,-0.0029438524877147326,2.5103356457295593e-16
32,Good,-5.015351148054595,-2.167937817088769,-1.02988569673627,-0.3582471421551573,0.4499385600366062,0.07796152084129532,0.693723639280616,-0.059168312310635296,0.6543101999431195,0.49966701158591736,-0.11203971468347747,0.2230990397575485,-0.42521704287606577,0.03776931044480799,-0.08693365674821349,-0.033386473389087866,-0.1779989692010225,0.3011744306979134,0.33373156350251754,-0.04714389781072336,0.02374619892983872,-0.07298821368954371,0.0008761062302450641,-0.0007599682846160699,0.035526587255946825,0.012567876049892521,-2.3761840982246315e-16
33,Good,0.03980715052865298,-2.9072945755446926,-1.337052694005912,1.5790464182337447,0.9324947157313367,0.34673625033589395,0.4951726506899091,-0.814334554807197,-0.2173498716560032,-0.34290297331351166,-0.3336056722814788,0.14809764879305728,-0.4220074027483243,0.047939717001995105,0.06768256172274502,-0.14704231927730635,0.15147824427457837,-0.22098735346346837,0.04510819146274659,-0.04391483947188146,-0.0424990815114833,-0.0006345115933299105,-0.010969914227146755,-0.03186292724770069,-0.007321767188633858,0.0174280727770464,2.1710954571519237e-16
34,Good,0.8241840996172207,-3.3426681114930554,-0.8393983301466856,-0.016984720092556978,0.4134057448304579,0.5379900225185301,-0.6268854135482654,-0.20486891913005534,-0.10137341226919178,0.21457590002421953,0.1921513281884942,-0.41273435760117844,-0.601562631449445,-0.05803715519716743,0.09331892682429759,-0.07098399736288653,-0.07247667654521517,0.005171324673257327,-0.06966239868594717,-0.08758524088936588,0.011619097931213363,0.018906973795155664,-0.013392382633488407,-0.03548591538133412,0.01864449212660298,-0.003174530491383143,9.086629065011628e-17
35,Good,2.3843385003780253,-1.3348892427916357,-0.8767018076238604,1.7290350347981245,0.4863540975461849,0.9466545372516855,1.0861434438728412,-0.3825345620150015,-0.2565432868488327,-0.20573773059177553,-0.2829727223684791,0.3821862544053459,-0.7407944520854746,0.02681835332056752,-0.00482253963114836,0.15599589769188196,0.1796340747424623,0.046362278613619336,-0.07992517277214967,0.03337933723962355,0.009749717567980907,-0.03237471497523752,-0.02968059310601529,0.00821285826130917,-0.0305519559509513,-0.032990321331505076,3.298959383597237e-16
36,Good,0.010817596670375441,0.39091134202347605,-2.5859164763941807,3.551427950077561,0.3091898345470526,-0.7656136238552895,0.018569083509749857,-0.22720293901679114,-0.5977265241098727,0.14325539768664955,0.7882540671810465,0.3795251000919527,-0.1499730442075209,0.17859394967872474,0.09232704612120615,0.13035627795867805,-0.15359412579032405,-0.20464795468501149,-0.027245962582393455,-0.16489850777649426,-0.0167093304710807,-0.11923153304476736,-0.009267727968675225,-0.006417885146632835,0.02035319284248392,0.008138535437610846,1.0905516561365908e-16
37,Good,-2.1787946636316655,-1.707948427437739,-1.4311309427406413,0.22246158735369417,-0.8341697269115055,-0.9717205786186076,-0.7220018881376515,0.2856497205163161,-0.09895193005567568,-0.8196079909012985,-0.3560656366349355,0.4276816955981433,0.25067009800522777,-0.05592891139470739,-0.07284644267074851,0.27881472559441706,-0.10356887675605572,-0.08917852723330985,0.0037192344760415444,-0.018937353759945777,-0.07091381883332655,0.005203537831790286,-0.001673091051119155,0.05856277261614349,-0.013689502463943435,-0.0038940004605429505,3.832468237788119e-16
38,Good,0.6746864803533883,1.1360124480677876,0.18168743539497567,-2.766248294395559,-0.8253463233471835,0.07886819487472978,-0.32651001830127335,0.453519693960815,0.6438597409841851,0.644293626093196,0.8958745931786276,0.8884631946737842,-0.46670868594143095,-0.558101870250799,0.6122427622729593,-0.192668609333892,0.048101283606483886,-0.027252971854130434,-0.0683370082428018,-0.13361993098816247,0.079887691107949,-0.06189661155331841,-0.029469369031889545,0.002356649172775774,-0.022693932644015476,-0.00897783536911022,3.127951318306405e-16
39,Bad,-1.3049587132718874,0.47711502963063274,1.2221376095692869,-1.4318703968075637,-2.9532966334341473,2.354013869721248,-0.3431293719653369,-0.863756734154623,-1.010291893921707,-0.7396249072823482,-1.5948997320205263,0.2678207332675085,0.5997004798904312,-0.5241838074404083,0.18485650995102212,0.13400960936969045,-0.03574634583765118,-0.17110409559857634,0.02989731458174249,0.02221944507007135,0.0005272767941742091,0.03860806842701672,0.014951561598344128,-0.020011327727589914,-0.04524324156141948,0.018408192102737135,-2.906745003573325e-17
40,Good,-1.980088006740461,-1.710044977276307,-0.56564008997536,1.1604990093588847,-0.44496049190280135,-0.41868581778219705,0.6708608196585141,-1.9635277607704547,-0.41883304540551936,-0.1935734594052318,0.49629449790330993,-0.46125153007018377,0.20007078957528063,-0.3523525591711131,0.04057437221119749,-0.008955127568474318,0.17597779832370422,-0.11311125004733673,0.14812109161552955,0.021055962648738102,-0.07312019641474707,-0.001655236125407194,0.041719070747690754,-0.019836160061322713,-0.027084480937902194,0.011409976828318227,3.972480987376371e-17
41,Good,-4.679008976786097,-1.9177712448245492,-0.1297370578066442,-0.05206855340272836,1.061950925316531,-0.3760446103493993,0.1834297563417195,0.3095212070142432,0.43140187869612145,-0.4145575687497457,0.1519438403101023,-0.23802954579995267,0.26147712209230506,-0.30893197626752833,-0.005944653540860664,-0.22467657503824104,-0.04968877653134934,-0.07269005804071081,0.3498773245417663,0.0776514817501022,0.035175953708519385,-0.04308519347474035,0.01724958717326689,-0.04244998213078426,0.011028794161543932,-0.005130560319106678,7.110133596700724e-17
42,Good,0.9415146789004577,-1.004947904865793,-2.359265934164539,1.1052494828503183,0.8673352257711162,0.6561418954151833,0.26368849377098497,1.0456261928419683,-0.597889608909069,-0.36446244485823154,-0.40679740231269756,0.19879026508041012,-0.01799797246641543,0.19389202675311618,0.031845374522197434,-0.025226194487443614,0.17959700273898832,0.06828618034045805,-0.00707102977952421,-0.1304202120669255,-0.009093663375379823,0.02293595473717038,0.07604286368103431,-0.003976499378470237,0.036549826696298054,0.013594408850658758,-8.78397688924198e-17
43,Good,-1.8153378905432875,-0.6067583045248799,1.085010506010102,0.00985970124129496,-0.6502213013068668,0.3829532626912606,-0.007908881031609867,0.3944109866956384,0.8752921424922151,0.21501519115271825,-0.5233648711442512,-1.0625811340809932,0.0645998569439814,-0.04543773252685796,-0.24345137562510122,-0.020366453380124654,0.030092116948777295,0.06923236159471292,-0.03259024343366755,0.07200308052697578,-0.025352766413751462,0.020998604085362988,-0.004422303389239556,-0.012167228274239581,0.011119401649275011,-0.016472520045233745,-1.2422206943933015e-16
44,Good,-2.381233596909976,-2.042301664781845,0.9365284069840311,0.43486395343666573,2.5476760577894217,0.1348643193816384,-0.6781769154615198,0.5610986532792467,0.31920037155272196,0.15529669314387226,0.12464773533010448,0.015573168836229757,-0.6947771123805297,0.11265284129646952,0.24854005948012659,-0.1796171792004052,-0.07182996130162031,-0.32347748543190813,-0.018283140077228508,0.048432848499128794,0.006252056227087033,-0.00716262487734029,0.0517948634866816,0.026281094908985732,-0.015826053326176086,0.019714660436630813,1.7689324506601729e-16
45,Good,1.4820681501064386,0.11674938273552522,-0.7612637864509206,0.8820920973257356,-0.9672526767877886,0.5426217507305191,1.803751216203294,1.3311535941404236,0.8139870415878663,-1.3611791515913856,0.3653610782890016,-0.778244094583757,-0.6337351427054139,-0.2724819671765809,0.0665600338621338,-0.025922608169122358,0.12335512134279258,0.05174046380944252,-0.04295893135804396,0.11310590489801842,-0.014153373967360815,0.03759250252717259,0.04024000590013441,-0.033046368553428025,0.010162620473187015,-0.023899302604101627,1.7530652434553318e-16
46,Good,1.1086174604358172,-1.0939479068535376,0.009922196881531535,0.8735871461078903,0.7521549501175052,0.7452778420531682,0.5840607083315988,1.6099183074646852,0.350431462166856,-0.5147827920713001,0.05500593330272733,-0.03590598235296191,-0.08293511789576881,0.03003078878864126,0.12323204023067545,-0.12416121318155286,0.18857966486087416,-0.02745836843752835,-0.17987089505576592,0.04407719354247253,0.02294861887046068,0.07944814773954285,0.013891879800231747,0.019989587088040408,0.0040572023292346545,-0.004292131053882733,-2.088229121742905e-17
47,Good,1.1575195976869823,-0.8750606971640669,-1.1066634865748963,1.5470916217328243,1.6617557026469376,-0.15703475290365185,0.4438639132960948,1.7711946575527464,0.32851959983388895,-0.633498809131229,0.2083827346873705,0.16510509762426107,-0.5794797195598086,-0.4160234943239606,-0.4312702191244183,-0.06978764416735944,-0.25968701609206196,-0.06813402833466853,0.14687884125681394,-0.15755189857567406,-0.015885632643432637,0.007114755064254991,0.022358291778985104,0.03748124930900861,0.01900173926325312,0.00972713718359673,5.781144274248225e-17
48,Good,1.742812935248932,-2.014930252164524,-0.3030730500315767,-1.1178157414188234,0.4950553236573151,0.42343754792815824,0.6796215048809123,0.6838300348187475,0.12290585980633473,-0.9570065622135301,-0.1700240445765451,-0.24658115132095842,0.18174311577119578,-0.246712416481423,0.4132904659342499,-0.03352495331682015,-0.029604617497855385,-0.0011817138996613606,-0.19278587776199432,-0.008306884320344422,0.1033909383957312,0.032677024151565925,0.010572898262478595,-0.003071794450548411,0.028532500043869043,0.029670691944563263,3.991164987752288e-17
49,Good,0.021632847827153964,-1.9723705444415303,1.9140188047523548,0.5264375885018162,0.7539615486983036,-0.24163256677455838,-1.1276324148472594,1.429112204851876,0.5160177766327173,0.8357710176962548,-0.1768623515239243,-0.44650208704920386,0.1517440781766127,-0.5042760535075393,-0.02332318630680297,-0.09476344601708475,0.06610538866145137,0.03884738772696744,0.0040659676764703365,-0.09729088628283741,-0.06631589772671001,0.011671688990132366,-0.054291264745388555,0.06920505121909391,-0.04116703846974536,-0.03960626764107771,1.7464439135200956e-16
50,Good,-5.555534284483504,-2.514422923055932,-1.2120441804646263,0.5435572347177584,-0.24769100229007218,-1.612233901691653,-1.7767367879223641,0.06787476006526262,0.9726762067607876,-0.3631103734307641,-0.638585438645592,0.0006218032860035722,0.4466703633454957,0.8203153771617552,1.1215675422474343,0.23831543302888833,0.22308466603815352,0.19184868534807775,-0.11794017294802861,0.26130052607666987,0.0071431448646202935,-0.06405884532659775,0.006609772553173523,-0.025386017164874184,0.03204295483625308,-0.006532882133504393,1.3532625629286217e-16
51,Good,1.059831074790345,-1.3915016654767531,0.15844739936804422,0.48031234735430556,-1.5336126560898315,-0.03954407729818328,-1.363443267194165,-1.2534699503049302,0.5676206497831083,0.9636376225711356,-0.7691712240968805,-0.7055478619394185,-0.25806792953010815,-0.26011822203171203,-0.01930834034223383,0.0034371768416799936,-0.051707684575163046,-0.17265967944538052,0.02060092761638328,-0.060124051561739854,-0.04646679964513238,0.03556943531863439,-0.07026539925185234,-0.05703498047618117,0.008840809685325409,-0.009879082871739558,-8.120976250605644e-17
52,Good,4.346849878089959,-0.5896957773733364,-0.09098426938876453,-0.0749289715432941,-0.15281216211174103,0.300907501228513,-0.5399275869135051,0.03785547419149478,0.1852733468412981,-0.21539303403531196,0.20474008370815197,0.7579359606577212,-0.4747264834166085,-0.1267731311005834,-0.06523943490009322,0.44791724329502847,0.0009549777216687537,-0.03325519402143385,-0.03946460725262636,0.04750231432025433,-0.059396220546856504,0.09089684352086246,-0.018195359941554773,-0.034130536202170415,0.01899564498145218,0.0118340931415238,2.1546246155487423e-16
53,Good,5.21423427604073,-1.3310037461838333,-0.38437897617029076,1.904074243207183,0.7142237712351923,-1.22902033215931,-0.4823242487992363,-0.5108365127896435,-0.392597876327626,-0.11568735823337226,-0.132685486260085,0.18084271077839706,0.21947821079283886,0.05655539463798957,-0.41260534232070517,-0.11506673226448255,0.1807249739185406,-0.08339204300350911,0.004432425401861259,0.1942123832344277,0.07359087269027968,0.05546815358812439,-0.03708519142082017,0.021427108084631396,0.07368615254446532,-0.004946172442585171,4.901878126014247e-17
54,Good,-0.7316599445917387,-0.9846328072651173,0.05125513657733313,0.8082357230089015,-1.7673798920288173,-0.7685518460043309,-1.1871956317430092,-0.8878985863291184,-0.33677985470676763,-0.08900086392933729,0.6290656134720842,-0.19040905881955952,0.7578774900057612,-0.17530308532208078,-0.3332560516277354,0.07122304737621497,0.25000589337045553,-0.02374424086073673,-0.03199995115713327,0.06600799187255797,-0.11030342775296458,0.02579618119338754,0.02858749269284592,0.029745027277166474,-0.013427011903901052,-0.020851896659224982,8.644017321202282e-17
55,Good,3.9012315580855104,-3.4812099257559326,3.1618837239417514,-0.9709386300048952,-0.5621293654946904,-0.40939124740489,0.32998315014244706,-0.13570870793217288,0.318022424188092,0.18232025816207212,0.3084062971884352,0.09251572115822704,0.29217093088525836,1.0877160653913829,-0.3381973761787031,-0.20446155152173506,-0.24686517985235104,-0.15543964274103936,0.07570445871390626,-0.05092100006479979,0.052867025289438936,-0.06246192808479119,-0.052322977958468186,-0.04200614288406949,-0.031129896158013322,-0.002625272257585965,4.451565437312455e-16
56,Good,5.535117744838934,0.6386279802710333,-0.23126551276705182,0.302965564302576,0.7510800888694922,-2.0338032008957914,-1.3005009678097645,-1.1165776745589866,-0.9115199951441785,-0.19592879514300493,-0.2060296114501595,0.7961314971650159,-0.14735716115907513,-0.39598291503239963,0.06861449977698267,-0.09710234823481897,0.23752816976054492,0.32613594567314885,0.0058686304003546476,-0.05964220003215396,0.0161108857484913,0.004129061305849485,0.008798443357179475,-0.00798824907421799,0.007509003752928845,0.0065359193559580055,-1.1490462162023467e-16
57,Good,3.1552442873907633,-1.9390753003296666,0.050756408298827015,0.5586983627200234,-0.322689503280175,-0.20485495734291756,1.5754395193101527,0.2608061806680015,0.4051127964407483,-0.6206364115132859,0.9784384104170868,0.2515808860263626,-0.16886388483621168,-0.0035694873861472245,-0.08580435871780698,-0.04534196215625551,-0.16877865433400055,-0.01736870827738232,-0.21487530729591808,0.08878321464982324,0.10825839713416752,0.00482622757240825,-0.038922695258704336,-0.050326288883780025,-0.016456506974047484,-0.02574925263032571,1.6239295925616495e-16
58,Good,-0.761997648016094,-0.32156063048238176,-0.8259565444458855,-0.2105569961685468,-0.6721689603026233,-0.8867761371663747,0.6615365048911097,-1.033526818966206,-0.39627548060854895,0.35564018099054195,0.14012933103107364,0.08792605508570248,0.7252776333472984,-0.19535418557285456,-0.10214872626087727,-0.10948548533214038,0.27432893189252616,0.08801425577510166,-0.07114560582784422,-0.06507307814311487,0.059841716235084545,-0.03835404055564163,0.031497224459265255,0.009403750160357764,-0.0404381175349922,0.0038844787030737,1.2811846375701325e-16
59,Good,7.974967964353779,-1.2598501543966332,2.8442593000680523,-0.6862639680211075,0.5246503996381912,-1.214058248655829,1.5006962443567398,1.1285681449068834,-0.890535888333717,-0.20746707160217598,-0.20052816006604565,0.014263134451481724,1.3914925332272852,0.4975708455931143,0.3838083150564542,0.06377126786582653,-0.018909759236069683,0.1256840142885026,0.38259708446835455,-0.07529779142048909,0.04307426895888185,0.09827559527482335,0.06948633173296137,0.012126115561363462,-0.018864782581478046,-0.014934752967232718,-1.371320126579334e-16
60,Good,2.9727266762475213,-0.6471025815706601,-0.0068451883608539954,0.6516774545446445,-0.5730528055549617,-0.871871051978463,-1.0226984260442034,-0.5896867875716663,-0.29715387341552957,-0.029405380027591466,0.6028382824971796,0.07733689239250317,0.1551011674523174,-0.12467359947004816,-0.22196075206826052,0.02340388136569638,0.07194935013981069,0.051706590095334126,-0.09362355465561022,-0.032941173420785064,0.03498344275237453,-0.018149331557394732,0.0054339835257407815,-0.02319016038660907,0.02673416136549417,-0.00406683189945944,1.9880669007546922e-17
61,Good,2.1865916732432678,-2.688117615620678,0.9939347999362665,-0.039688048002987225,-0.4653905934476822,-1.2755784127190402,-1.737571573721365,-1.3566176453566452,-0.6540129562863489,-0.13481487447704735,0.07643602710355124,-0.3031512596622717,0.4648922865439331,0.03924945120685593,-0.3819304400543676,-0.09860400335649422,-0.0015881415796874998,-0.03449820041690625,-0.09252518825423772,-0.032464428878094885,0.015655568809258415,-0.0021368372286461137,0.013369835523572432,-0.009747090821259187,0.03068741747887504,0.012226791009097475,8.105130180616228e-17
62,Good,-1.0413242864252545,-0.07984655567470093,-0.6178781487236851,0.7934492789082587,-0.8234538387714291,1.8135258187221261,2.0858870204445252,-0.9016350626227138,-0.8239046219912098,-0.11266002216147526,-0.010171171778331321,0.14691944899725554,-0.04764455056546482,0.17907719110274814,-0.08150304792657617,0.06424744875417553,-0.17451594294853232,-0.07142907847181452,-0.15436008781396204,0.01111847350218003,0.060169867976714475,-0.05510183759664536,0.00026072895780251005,-0.022605415189190983,-0.0046767848077551395,0.015866677904747953,-3.2490237815328715e-16
63,Good,-1.0479775923417365,-0.05048333331804654,0.12171433332533098,1.4342320437401432,1.770886706280235,-0.16186523184328588,1.0241368347167121,0.6183857937460482,0.2208528149405498,-0.018961242150679448,-0.4948886860818398,-0.32124910580006233,0.10213961134966262,-0.029997832482052445,-0.188997071207242,-0.16215007302943923,0.13552596453289387,-0.17815227803116548,-0.01128720429809931,-0.05568317592023857,0.005572288456188338,0.022883578615381157,0.002994106423342755,0.006902350080817191,-0.01795749990029473,0.00465946314625162,1.3138223484856827e-17
64,Good,-1.0109735670603923,1.0611355962298128,-3.309983544809476,-0.45965131487418903,0.19049953210658552,0.5168191336613781,-1.0475837155869479,1.0541746602190942,-0.047302627607497566,0.8461798746123718,0.5529657284836227,0.539201776248343,1.1103109357147172,0.2948244366516199,-0.11047492656001998,0.2794684176345623,0.12370248427292738,-0.0010282835170285908,0.12727950544516442,-0.22189107479984285,0.004291323462906076,0.010479932631600712,0.05212195874822344,-0.046650873942398155,-0.003245893718838032,-0.007866134200240944,2.268231354381522e-16
65,Good,0.03779863838999283,2.682174017832765,-1.770720305528626,-2.79410242433782,1.0232698770017072,-0.186882190944669,-0.5135554993640852,2.14728064378072,0.23588272258570167,0.0779918867525509,-0.21437546482025507,0.25883891646837504,0.7936863280301484,-0.07023486380355154,-0.1257186459005145,0.22347241662122788,-0.072346277993184,0.06635955944337811,0.044976597146889744,0.04608910690160862,-0.09979653776936864,0.03477910023348517,0.04439536245239855,-0.04626201648597848,0.001720351954494635,0.017490953960766734,2.2220612782448223e-16
66,Bad,-0.06844562706469104,-0.10662154347338361,-1.038839494206645,-0.24922794611865517,0.785244933567698,0.593865031817833,2.1262507377095625,-0.9928863936708864,-0.0894163187841994,0.02357723131571547,0.20841488734031438,-0.5360369126876658,0.043312487031925674,0.021236132689756156,-0.18942499991369624,0.18056930194881385,0.3102670845185759,-0.1328827743393511,0.07346110963541981,0.06782004914929193,-0.013242575935653018,-0.027272038654965296,0.035133438432205386,-0.023053309340061175,-0.0027022552564394146,-0.011431880063042708,5.423472865358009e-16
67,Good,-0.8732009864616218,0.8606424872637986,0.5049571981408634,-0.8166108895532491,1.4526017855703726,0.4059244736212925,0.832750570104135,-0.843617679255318,-0.6693248222802849,-0.20495028863723436,-0.8267305630313607,1.2566013585535671,-0.06411434443306363,0.13145144641164538,0.017702649049666126,0.5173438392384402,-0.05367686143501875,-0.22572503002416353,-0.1755236362126081,-0.04614599878224041,-0.06884143124882237,-0.00671064501451574,0.03599797456645423,0.023915152656955988,-0.02230384366940749,-0.0009040037074266716,-8.819635325133161e-17
68,Bad,0.8990618593093385,1.3309758339067483,-1.462877946528712,-1.602994098312008,0.2132919819811394,2.481098371660945,-0.22412080275792443,-0.3660941832752841,0.3313464039297997,0.6518659344621222,-1.0712646351850719,-0.3151779883846421,-1.0134396443544058,0.5191447286010228,-0.31373942570656926,-0.16436860549149068,0.37082412934687,0.502150755192396,-0.09704329716705332,-0.10069839894010102,0.03735128384063015,0.010254645166351193,0.03550391694001399,0.005914609627237132,-0.026088426208751302,-0.01914546814001935,5.575480836037368e-17
69,Bad,-4.424330531154249,3.0703819153541083,-2.550178006662884,3.675887978665023,-1.3738184846132788,-1.0296262286595363,-0.6741972940961999,-0.3666172702708023,-0.7598533517744606,-1.035139518700452,0.9096140447131309,-0.9471408986098695,0.04196322834523566,0.6291435502128213,0.1772712255788833,0.16714611107511673,-0.21424356542867082,-0.07272674523129827,-0.034745225000941536,-0.14542937261870087,0.08441036510036479,0.13228698242099393,-0.07091443739013731,0.0461948724740688,-0.05542177782361053,-0.017051610411516784,-2.0325490014440787e-16
